doy,hod,A(std2),A(tuz),A(sox1),A(sox2),A(wue),A(cmax),A(pmax),A(cgn),A(pmax2),A(lcst),A(cap),A(mes),E(std2),E(tuz),E(sox1),E(sox2),E(wue),E(cmax),E(pmax),E(cgn),E(pmax2),E(lcst),E(cap),E(mes),gs(std2),gs(tuz),gs(sox1),gs(sox2),gs(wue),gs(cmax),gs(pmax),gs(cgn),gs(pmax2),gs(lcst),gs(cap),gs(mes),gb(std2),gb(tuz),gb(sox1),gb(sox2),gb(wue),gb(cmax),gb(pmax),gb(cgn),gb(pmax2),gb(lcst),gb(cap),gb(mes),Ci(std2),Ci(tuz),Ci(sox1),Ci(sox2),Ci(wue),Ci(cmax),Ci(pmax),Ci(cgn),Ci(pmax2),Ci(lcst),Ci(cap),Ci(mes),Tleaf(std2),Tleaf(tuz),Tleaf(sox1),Tleaf(sox2),Tleaf(wue),Tleaf(cmax),Tleaf(pmax),Tleaf(cgn),Tleaf(pmax2),Tleaf(lcst),Tleaf(cap),Tleaf(mes),Pleaf(std2),Pleaf(tuz),Pleaf(sox1),Pleaf(sox2),Pleaf(wue),Pleaf(cmax),Pleaf(pmax),Pleaf(cgn),Pleaf(pmax2),Pleaf(lcst),Pleaf(cap),Pleaf(mes),Rublim(std2),Rublim(tuz),Rublim(sox1),Rublim(sox2),Rublim(wue),Rublim(cmax),Rublim(pmax),Rublim(cgn),Rublim(pmax2),Rublim(lcst),Rublim(cap),Rublim(mes),Ps(std2),Ps(tuz),Ps(sox1),Ps(sox2),Ps(wue),Ps(cmax),Ps(pmax),Ps(cgn),Ps(pmax2),Ps(lcst),Ps(cap),Ps(mes)
[-],[h],[umol m-2 s-1],[umol m-2 s-1],[umol m-2 s-1],[umol m-2 s-1],[umol m-2 s-1],[umol m-2 s-1],[umol m-2 s-1],[umol m-2 s-1],[umol m-2 s-1],[umol m-2 s-1],[umol m-2 s-1],[umol m-2 s-1],[mmol m-2 s-1],[mmol m-2 s-1],[mmol m-2 s-1],[mmol m-2 s-1],[mmol m-2 s-1],[mmol m-2 s-1],[mmol m-2 s-1],[mmol m-2 s-1],[mmol m-2 s-1],[mmol m-2 s-1],[mmol m-2 s-1],[mmol m-2 s-1],[mol m-2 s-1],[mol m-2 s-1],[mol m-2 s-1],[mol m-2 s-1],[mol m-2 s-1],[mol m-2 s-1],[mol m-2 s-1],[mol m-2 s-1],[mol m-2 s-1],[mol m-2 s-1],[mol m-2 s-1],[mol m-2 s-1],[mol m-2 s-1],[mol m-2 s-1],[mol m-2 s-1],[mol m-2 s-1],[mol m-2 s-1],[mol m-2 s-1],[mol m-2 s-1],[mol m-2 s-1],[mol m-2 s-1],[mol m-2 s-1],[mol m-2 s-1],[mol m-2 s-1],[Pa],[Pa],[Pa],[Pa],[Pa],[Pa],[Pa],[Pa],[Pa],[Pa],[Pa],[Pa],[degC],[degC],[degC],[degC],[degC],[degC],[degC],[degC],[degC],[degC],[degC],[degC],[MPa],[MPa],[MPa],[MPa],[MPa],[MPa],[MPa],[MPa],[MPa],[MPa],[MPa],[MPa],[-],[-],[-],[-],[-],[-],[-],[-],[-],[-],[-],[-],[MPa],[MPa],[MPa],[MPa],[MPa],[MPa],[MPa],[MPa],[MPa],[MPa],[MPa],[MPa]
124,16.5,4.960345248508249,5.33088338536921,3.8104770574260627,2.4164574864170723,3.6986323439488418,2.261643392045718,3.600774840171927,3.1061162362327006,3.7464346827957073,3.5523786439784737,1.1440517101566214,1.0995245763846988,1.4911753315812988,1.7049840615916507,1.0373296448649045,0.5334290075042217,0.9353444973259513,0.492145683318232,0.8998706007888302,0.7347855849168256,0.9527584125468583,0.8830290137106502,0.33937665128977335,0.34965900938555,0.0306201830839546,0.03504819104551641,0.02125254125327078,0.010901557146339148,0.01915369910066994,0.010055859255314395,0.01842402736813419,0.015031732071058136,0.019511984564414254,0.01807769845459052,0.006929127583931533,0.007139428537329382,5.0,5.0,5.0,5.0,5.0,5.0,5.0,5.0,5.0,5.0,5.0,5.0,18.54838024300926,19.796285361662385,16.381166046906852,11.032352324177477,14.616146854757808,10.623502230049782,14.329217604284043,12.914032968846353,14.75718002405587,14.18818491071168,18.241615365441316,19.65401016898919,24.2615508573822,24.257490982542546,24.2701686377904,24.27973687908348,24.272105167390908,24.280520781261618,24.272778758127863,24.275913450066355,24.271774505886757,24.27309855206535,24.283421612997444,24.283226367990736,-5.811204117528911,-1.9159298546413834,-5.811204117528911,-5.805746419609981,-3.494054803044433,-2.3547255720022315,-3.2785060296040163,-2.9628810399234067,-2.4778962996824694,-5.795807776568881,-1.9621188775214726,-2.016006070881577,True,True,True,True,True,True,True,True,True,True,True,True,-1.2,-1.2,-1.2,-1.2,-1.2,-1.2,-1.2,-1.2,-1.2,-1.2,-1.2,-1.2
125,11.75,3.7256605433789676,4.798596566488027,3.219199423214575,3.1925973122603466,3.621299939540812,2.611469538710654,3.311038625670429,2.7439222282845592,3.499853673502285,3.280409571918037,0.664469161483255,0.8373787055761691,0.9531632660190782,1.419811499376765,0.8301353370963742,0.7689057965628256,0.9156316530799332,0.5925844917214573,0.8080231219523085,0.6309722215306387,0.8724013290018812,0.797687227716101,0.18343588943633155,0.268313391387786,0.01940473504628634,0.028971388159417216,0.016889713122967404,0.015639316188772363,0.01863725670892978,0.012042661446768691,0.016438241392973247,0.012825203167519299,0.017753551544135097,0.0162271463908736,0.003720363601898099,0.005444073748538477,5.0,5.0,5.0,5.0,5.0,5.0,5.0,5.0,5.0,5.0,5.0,5.0,14.537649526551013,17.863052908437286,14.727731362763983,13.000694004639254,14.231157811210016,11.400980031522176,13.336138700441216,11.758982718476949,13.877987407415143,13.249056011205369,16.313646999865615,19.45086270252815,23.868825410805528,23.86002704674429,23.87114502637671,23.87229947152491,23.869533046173753,23.875623900764865,23.871561938528373,23.874900123842117,23.87034812721882,23.87175681542683,23.88333814481578,23.881737831968987,-3.810344777507146,-2.09737886770434,-5.811204117528911,-5.645804747044522,-3.831936784773568,-2.9178751438283728,-3.3928993036896555,-3.025835180160483,-2.680363063897732,-5.811204117528911,-2.16935222525908,-2.126168210726236,True,True,True,True,True,True,True,True,True,True,True,True,-1.5,-1.5,-1.5,-1.5,-1.5,-1.5,-1.5,-1.5,-1.5,-1.5,-1.5,-1.5
126,9.75,5.74293881493421,5.686963791675065,4.420962107223533,4.203257678139385,4.6242700184035535,4.880127018814718,4.457062084366889,4.11751156588409,4.435580017765433,4.484199042764952,1.587574426228481,1.625551814473216,1.4737176408957993,1.4410711735021025,0.9419144599539668,0.8194941715897427,0.9609310181831336,1.0576733055804142,0.9021979456192004,0.7932090120842437,0.8948929121507482,0.9115762798440212,0.3814733426391283,0.40440904870960087,0.04390113190545349,0.04291979547079814,0.027954720016934838,0.024300873727307357,0.02852357347490971,0.0314164526818109,0.026769190122169176,0.02351745492531677,0.026551086186511603,0.02704922855509716,0.011277678727496233,0.01195764810563673,5.0,5.0,5.0,5.0,5.0,5.0,5.0,5.0,5.0,5.0,5.0,5.0,20.683702121501923,20.47176583276869,17.25124856869645,15.367625290588572,16.725951952364618,17.583728948616052,16.17883348470982,15.098515408550389,16.109284748899,16.26692865767962,19.51729255029759,20.124053052031726,21.780295901981052,21.780883953442384,21.789875120275088,21.79208024184616,21.789532580461476,21.787789989363013,21.790590522465834,21.79255370889153,21.790722105940223,21.790421593219087,21.799970185509945,21.79955705120942,-5.811204117528911,-1.705613884891029,-5.811204117528911,-5.608864152617194,-3.443804385682163,-3.7348136550453845,-3.168525347095332,-3.0033579239432333,-2.295497539005667,-5.7954738867525215,-1.8157255003257613,-1.8943766542077132,True,True,True,True,True,True,True,True,True,True,True,True,-1.1,-1.1,-1.1,-1.1,-1.1,-1.1,-1.1,-1.1,-1.1,-1.1,-1.1,-1.1
126,11.25,5.514282339544222,5.56034024408049,4.229245352643511,3.9554726400239097,4.163615710519696,3.877537647413174,4.051951130879498,3.6293337966373356,4.084638777015491,4.017601896439781,1.4596811987705953,1.4440524262165368,1.5890317271857664,1.6167640399563816,1.0456015682858988,0.8901946126801985,0.9636761423435172,0.8639305841266627,0.9237316883082419,0.7840892283187687,0.9352945841493231,0.9118057120168819,0.3982414016562329,0.41642119867127214,0.03913570826108605,0.03982593887157571,0.025668749199915988,0.021833719521626608,0.02364660382194304,0.021186549261360935,0.022661093247626562,0.019219488478300375,0.022946325399689573,0.022366945548914125,0.009739421684058813,0.010185120418722961,5.0,5.0,5.0,5.0,5.0,5.0,5.0,5.0,5.0,5.0,5.0,5.0,20.24331315567672,20.40592449131277,17.25396500376495,15.174629055382237,15.80749127829045,14.940605201324479,15.46642055613818,14.20636248299292,15.565899411816588,15.362204746169887,19.198536688928044,20.226722985699404,23.7248575364032,23.724336447711988,23.73506856036677,23.73798864884881,23.736607934790186,23.738482148557186,23.737358488970308,23.739982363412924,23.737141222768592,23.737582577434495,23.747232423682526,23.74689082625748,-5.811204117528911,-1.7763999233847854,-5.811204117528911,-5.675564415985061,-3.4516695010703584,-3.176390462483527,-3.223581154812698,-2.9797625777786476,-2.350553346723033,-5.811204117528911,-1.847185961878542,-1.9179720003722986,True,True,True,True,True,True,True,True,True,True,True,True,-1.1,-1.1,-1.1,-1.1,-1.1,-1.1,-1.1,-1.1,-1.1,-1.1,-1.1,-1.1
126,14.5,4.646855266006262,4.928728239794956,3.6657105513865913,3.0831077085461813,2.6633527409726554,0.01577335928214596,3.175726774375512,2.659944544395151,3.3246731609394202,3.1014957984766287,1.1852821907385382,1.100212290988456,1.691089554110767,1.8812278826204725,1.225177174601099,0.9044592895641226,0.7454340260648065,0.003383181534337087,0.9419692148218568,0.74415862423846,1.0042134654666102,0.9118057120168819,0.4317775196904419,0.4284333486329434,0.02949786080848234,0.032841759141318226,0.021326978092827166,0.015722231930690528,0.01294903222290421,5.858004673705453e-05,0.016377111503184563,0.012926805128895281,0.017464038226546765,0.01585060033427314,0.007490214864200728,0.007432093928695147,5.0,5.0,5.0,5.0,5.0,5.0,5.0,5.0,5.0,5.0,5.0,5.0,19.017981148640622,19.95463447141737,17.23052313683802,14.179155709643577,12.969944968002249,6.046235282702076,14.450514982719142,12.960268070543469,14.890817763213539,14.23278327684297,19.010777636213007,20.29991121092295,26.922944717885194,26.919196811251563,26.93212853743143,26.938450359539978,26.941584981815538,26.956211897411713,26.937710983640326,26.941610121864908,26.93648405773998,26.9383055507281,26.947767613745338,26.94783353228469,-5.811204117528911,-1.886511538819518,-5.811204117528911,-5.804495942682561,-2.8696509623439153,-1.1078651153881953,-3.2707718471418694,-2.8775160777321105,-2.444934731381376,-5.811204117528911,-1.9101068849841034,-1.9415673465368841,True,True,True,True,True,True,True,True,True,True,True,True,-1.1,-1.1,-1.1,-1.1,-1.1,-1.1,-1.1,-1.1,-1.1,-1.1,-1.1,-1.1
152,8.0,5.27194409525091,5.5909378935409,4.21181737053092,4.417176778628357,4.989349677995705,5.2695643364717615,4.5488778812051285,4.2097032506970535,4.563138205085895,4.619938714273682,1.220504705606091,1.3690378342374214,1.088891438127133,1.2298994233412963,0.7779416644180751,0.7924476702519583,0.9803837405214313,1.0886475767837538,0.832402850335193,0.7332026269347857,0.8368270844767702,0.8547130745685738,0.24604032520493502,0.30012345486075914,0.035022776015719397,0.039600849986964726,0.02496304651940252,0.02543143244636041,0.03150764470575111,0.035015522843652266,0.02672210821865551,0.02352003145702842,0.02686502883132726,0.027442915246403465,0.007863864694764716,0.009596331989701418,5.0,5.0,5.0,5.0,5.0,5.0,5.0,5.0,5.0,5.0,5.0,5.0,18.88824049183188,20.07308994632163,16.593748328302226,15.944248894115919,17.879884749092,18.879567131117703,16.378013638478887,15.274128867071006,16.425390919517486,16.61490028568455,18.38066386785216,19.98289360211686,21.215244967202743,21.212739187635158,21.220770693907664,21.220512915222503,21.217173201062497,21.215249300735845,21.219802892497764,21.221565728074196,21.21972427173386,21.219406429106364,21.230222835967187,21.22926175279848,-3.9585226268576053,-1.812123338884751,-5.811204117528911,-5.48500385602697,-3.762710761989906,-4.14680326615347,-3.220462520817817,-3.0698380093811255,-2.422152610203352,-5.811204117528911,-1.9552166247496081,-2.0004039781806155,True,True,True,True,True,True,True,True,True,True,True,True,-1.3,-1.3,-1.3,-1.3,-1.3,-1.3,-1.3,-1.3,-1.3,-1.3,-1.3,-1.3
154,11.0,4.175852016053578,4.754022841341266,3.6445726110449828,3.329502540202539,3.296015068105362,2.663731839325873,3.3974679730618096,2.897680638841459,3.532664875961504,3.370589066015648,0.9993424209058198,0.9589865989756478,1.2053909242271055,1.5093273495296484,1.030933212554111,0.8537453556105711,0.8417302991282322,0.630071491980127,0.8791135131874976,0.7046905262001218,0.9302316206888727,0.8689815382411932,0.30791812265258345,0.3165014854202359,0.02577910688389473,0.03233216460769238,0.022026865077305013,0.01822382822531812,0.01796647384273397,0.01343339515150079,0.018768179086030644,0.015030328166331399,0.019864959085943466,0.01855086102530473,0.00655360805759278,0.006736602985656812,5.0,5.0,5.0,5.0,5.0,5.0,5.0,5.0,5.0,5.0,5.0,5.0,17.730543480435877,19.618036445884872,17.303160448670024,15.112258291962767,15.011695646600298,13.158993359596119,15.316512551668838,13.83529875784528,15.72611119822694,15.235545462582005,19.01062036717422,20.302744940583686,27.246186920112926,27.240166583279947,27.249642557871173,27.25315227402465,27.253390266845084,27.257582779510948,27.252649784554052,27.256104734489828,27.25163724311511,27.25285047751772,27.26396395542068,27.263793937184236,-4.318723304447665,-1.8820199361517522,-5.811204117528911,-5.679229552036496,-3.2907390709478266,-2.7424808130812464,-3.2831243729219017,-2.9404629617552893,-2.498810476251655,-5.811204117528911,-2.003855104566548,-1.9886257085146983,True,True,True,True,True,True,True,True,True,True,True,True,-1.25,-1.25,-1.25,-1.25,-1.25,-1.25,-1.25,-1.25,-1.25,-1.25,-1.25,-1.25
154,13.0,3.999043184909998,4.438656428404806,3.4054042674806917,2.7408203075803557,2.001177496058178,0.01442170991958891,2.86280712898145,2.3394219470166386,3.0048661725110937,2.8021990541596082,1.075215621005765,0.9637941896412091,1.5470246757362067,1.8531078773623861,1.2712533046411734,0.8849087968967404,0.5922667659747783,0.003383181534337087,0.9389441890722616,0.7192785011918288,1.0042134654666102,0.9118057120168819,0.4401615491989942,0.41642119867127214,0.0251054143779596,0.03011071069964906,0.020605820693422115,0.014320542656248164,0.009573131672945932,5.45505658059687e-05,0.01519858722857758,0.011632237992729161,0.016259514783953315,0.01475763125836209,0.00711007272023353,0.006725923241629712,5.0,5.0,5.0,5.0,5.0,5.0,5.0,5.0,5.0,5.0,5.0,5.0,18.608401902503346,20.107552618274763,17.866099200072465,14.56018907273579,12.326729846314059,6.780491812074476,14.938179917603849,13.335586129057804,15.382274278106669,14.749922803278645,19.69995013427931,20.70632047344623,28.909919232304564,28.903767221923786,28.915462000835095,28.923227194774434,28.92910904912815,28.940945105158995,28.92214112963977,28.92655622195768,28.92082927304721,28.922686589801177,28.932166233800825,28.93264339452743,-5.811204117528911,-1.8786464234313227,-5.811204117528911,-5.808278990612134,-2.4921254237105464,-1.1078651153881953,-3.262906731753674,-2.8145951546265486,-2.444934731381376,-5.811204117528911,-1.9258371157604937,-1.9179720003722986,True,True,True,True,True,True,True,True,True,True,True,True,-1.1,-1.1,-1.1,-1.1,-1.1,-1.1,-1.1,-1.1,-1.1,-1.1,-1.1,-1.1
154,17.25,3.2250284817711785,4.014719231401619,3.0737965235708224,2.561463222997946,1.7148795768829237,0.013141895300330608,2.641765841240966,2.101935592138586,2.7911321831391067,2.602706690165127,0.8326839568245457,0.7313427360986983,1.186446794520485,1.6824076971403514,1.170491005157907,0.858436289735221,0.5185202432506306,0.0032955648932997987,0.8950659348882423,0.6647998958685917,0.9648230575649174,0.8773208497075573,0.34282133749824645,0.32843627045377366,0.01853381635242983,0.026334037826669307,0.01828281486408525,0.013391655102289231,0.008077873609428066,5.123355346739398e-05,0.013965296686438217,0.010362869722999182,0.015057951333967758,0.013687441772456434,0.005336908727227974,0.00511266949992351,5.0,5.0,5.0,5.0,5.0,5.0,5.0,5.0,5.0,5.0,5.0,5.0,16.915059077376892,19.626924426717277,17.665007861051883,14.741219379932204,12.090194746787484,7.128536338511081,14.999451437984014,13.285842677093983,15.483523612339745,14.873592821622935,19.245426725421883,20.89523256674466,29.787936273132058,29.77792124064917,29.78825847141001,29.794559851407687,29.801423840542746,29.811827870099265,29.793820182042406,29.798469987799887,29.79241156324639,29.794178511909855,29.804971761838605,29.805262242223165,-4.186270439872602,-1.9251598978508513,-5.811204117528911,-5.771546567724354,-2.438700258242232,-1.2276647814983788,-3.2894910045622803,-2.806609770164415,-2.5153480732260203,-5.795874554532154,-2.017137275831397,-1.9864781498378816,True,True,True,True,True,True,True,True,True,True,True,True,-1.22,-1.22,-1.22,-1.22,-1.22,-1.22,-1.22,-1.22,-1.22,-1.22,-1.22,-1.22
179,8.0,3.9661527693873038,5.002642117363308,4.070471586608581,4.9298285309381935,5.9044100219891105,5.940714755441283,4.993360072435775,4.729253176017647,5.024245677149128,5.220963110675695,0.6400366606587085,1.0160701427637138,0.4517810649687461,0.6622560862560269,0.49866384677807135,0.6452908212071058,0.9291641331671701,0.9420472216652455,0.6604958489592618,0.5998207938572163,0.6679269998852754,0.7180675888021559,0.08241188567807266,0.17014191288927044,0.021322243386820323,0.031330090699186824,0.023546934576039746,0.030520686632308638,0.04408888949288067,0.044706666844610395,0.03124619990806262,0.028356551423987377,0.03160037848658667,0.033991688749078826,0.0038735776699849057,0.008004942577254481,5.0,5.0,5.0,5.0,5.0,5.0,5.0,5.0,5.0,5.0,5.0,5.0,14.770273619891338,18.10890770088684,16.446683356272445,17.861868957255833,21.357043616549355,21.495897943207233,18.07728977724851,17.191541205844846,18.18262257237063,18.86250166783391,17.493575697804502,22.375994337823013,22.356451853452295,22.35260617936477,22.355595239218204,22.352916158571745,22.34772939468277,22.347494002571626,22.35263834137107,22.353746959798745,22.352502563812372,22.35158642486937,22.363200746849905,22.36159779610411,-2.8164030619356466,-2.0626553805279038,-5.811204117528911,-5.194717858722874,-4.34408809478884,-4.404657104901962,-3.33460459290347,-3.260575802765209,-2.6885351516968328,-5.811204117528911,-2.224172740829563,-2.1770635107415788,True,True,True,True,True,True,True,True,True,True,True,True,-1.78,-1.78,-1.78,-1.78,-1.78,-1.78,-1.78,-1.78,-1.78,-1.78,-1.78,-1.78
179,10.75,3.1651328647761208,4.497019012705508,3.2999738714055193,3.3975626818248936,3.9460577801327696,3.8970858811847826,3.4790611588776033,2.920877736783114,3.6446188125334986,3.490487824441339,0.5903294990485014,0.7685819360605821,0.6705662460710327,1.1369513196070697,0.7560035298038186,0.7401095429858587,0.9223753504134199,0.9046875130342296,0.7656372089870704,0.6023051704203285,0.8188381066396789,0.7692147515124288,0.14324219042081857,0.22895197549420793,0.01621859948440849,0.027576259739840323,0.01829406439200133,0.017907812292380438,0.022342845267984916,0.021912051105267488,0.01852862679363682,0.014561607888289531,0.019822460877758116,0.018615605809230624,0.003453539601680811,0.005522828368111029,5.0,5.0,5.0,5.0,5.0,5.0,5.0,5.0,5.0,5.0,5.0,5.0,14.127320230679546,18.19303604970228,16.011065773347607,14.808006270443443,16.46075055192137,16.310378439144078,15.049200873472685,13.42423857814129,15.543969113857974,15.083155493582293,17.273338580611348,21.335174808181446,26.448799158055717,26.4396367524588,26.447120693003814,26.447432939604408,26.44385222197672,26.444199709813265,26.446931433782034,26.450140186525715,26.445886271254174,26.446861150881663,26.459158745343206,26.457474926844228,-3.1537163772519023,-2.07806657761597,-5.811204117528911,-5.546572247123702,-4.004393669774437,-3.941120152148794,-3.399780056907181,-3.0623212962370845,-2.710801753872401,-5.811204117528911,-2.204613612867256,-2.1343097043943193,True,True,True,True,True,True,True,True,True,True,True,True,-1.6,-1.6,-1.6,-1.6,-1.6,-1.6,-1.6,-1.6,-1.6,-1.6,-1.6,-1.6
179,11.25,2.1998703880624912,3.9206562550708046,2.936783522167347,3.107202887717058,3.748730476883969,3.7221556686904615,3.2204934223143535,2.618435058993116,3.415291811401631,3.2302139647439834,0.39876437070502013,0.5695079485052018,0.4354724218135764,0.9545175211117831,0.6724762127653949,0.6804751132856365,0.8917098570600247,0.8816550751590543,0.7152768892494253,0.5422294899518814,0.7770243197620152,0.7180675888021559,0.09489853502323518,0.1787931965955045,0.010351293292409578,0.02275981221423728,0.016007293761838765,0.016198512303045386,0.02125418123183963,0.021013252548332684,0.017030787263818264,0.012897117982090391,0.01850785877281777,0.017097520466475724,0.0022511545630018235,0.00424340827000162,5.0,5.0,5.0,5.0,5.0,5.0,5.0,5.0,5.0,5.0,5.0,5.0,11.932727451056486,17.03362009912962,15.626168920253168,14.547998533057608,16.496155816707656,16.413686518652373,14.88559138361426,13.119811046096011,15.47257200389807,14.914697741039012,16.496856722762658,21.97253493503308,27.407882700299265,27.397573195896562,27.403175225689488,27.403016347973,27.39882070962888,27.39902042217489,27.402325099634457,27.405762243973832,27.401098644731817,27.402269669519878,27.414647330174503,27.41298097712732,-2.7760237218602315,-2.183793400754148,-5.811204117528911,-5.512940364797884,-4.1825707344871805,-4.142191394411766,-3.4826621731799907,-3.105788332476119,-2.843322621985923,-5.811204117528911,-2.2914716409552542,-2.197253180779286,True,True,True,True,True,True,True,True,True,True,True,True,-1.78,-1.78,-1.78,-1.78,-1.78,-1.78,-1.78,-1.78,-1.78,-1.78,-1.78,-1.78
179,13.0,2.7938318033266816,3.887557415620284,3.1282094473226802,2.786764280620297,2.6120989487432986,1.7682498567347904,2.986465328540073,2.437848262203662,3.0970915817800506,2.9793465805445756,0.696869284488201,0.7162942675459716,0.7534338775064081,1.254743970814639,0.9355320620712236,0.7509511094822094,0.6867914611247421,0.41650726082470924,0.8292046768857315,0.6256930916893386,0.8746007451495474,0.826189065463729,0.221146755200319,0.26507022751475784,0.01577232495340236,0.026338412414082205,0.019603130346303836,0.015719651804051285,0.014371815336323862,0.008703007079315884,0.01736545052109459,0.013088906130504155,0.01832068943688972,0.0173020118102733,0.004615994859110883,0.005534132220752722,5.0,5.0,5.0,5.0,5.0,5.0,5.0,5.0,5.0,5.0,5.0,5.0,15.680311258455566,19.418280711627784,17.91043203985453,15.657479659461998,15.084253660889932,12.399115433444605,16.31990278716858,14.518708889400656,16.690599018949182,16.296140200955776,19.066152209848166,21.80875112184181,29.986501095603913,29.976350382170782,29.982813903758217,29.98655136761533,29.98785049606525,29.99332331119379,29.984966860244672,29.989087638599678,29.98404766375115,29.985027921467612,29.99727904345455,29.996389664632137,-3.1306059559587545,-1.9302282077831077,-5.811204117528911,-5.63253948792139,-3.0495988686585576,-2.3794493282660185,-3.3294415338774197,-2.9023132553854722,-2.5782849061846838,-5.811204117528911,-2.0922423823835015,-2.018599575746959,True,True,True,True,True,True,True,True,True,True,True,True,-1.4,-1.4,-1.4,-1.4,-1.4,-1.4,-1.4,-1.4,-1.4,-1.4,-1.4,-1.4
180,11.0,2.9943401036865964,4.454856204184468,3.536541856641506,4.2783384977762084,5.421999763356514,5.367060918500625,4.332294811516433,3.9077278533704005,4.461588757154185,4.475185861420867,0.43373826767239015,0.722018416641498,0.3809104119243567,0.6785074734333324,0.5085327251440284,0.6358986578683165,0.9686154894877232,0.9486381164403885,0.6488275375108283,0.5527919826358094,0.680533050797759,0.6840710756157147,0.06558701923340371,0.14828965736315272,0.014720600081168411,0.02629451837231062,0.019675684272864962,0.024632825723037027,0.037639132334042806,0.03685594670114484,0.025137353601721604,0.02139749739519386,0.026373514952206068,0.02651150383376403,0.0025272648599842787,0.005718435687436393,5.0,5.0,5.0,5.0,5.0,5.0,5.0,5.0,5.0,5.0,5.0,5.0,12.405764188275969,16.722602390339727,15.42328715823096,16.1702207455083,19.928666089531152,19.737668905051983,16.33800579044468,15.03929043708217,16.74385748889244,16.78683020126874,16.53441167224589,22.329537457262347,23.763996780881545,23.75839236247591,23.761593367227018,23.75919478179075,23.7529289795495,23.753305198174225,23.758951302064624,23.760759866398587,23.758354216322836,23.758287587400797,23.769935025757903,23.76837755007256,-2.7749605204488716,-2.187300469401122,-5.811204117528911,-5.2980310658889636,-4.8709480358525115,-4.72729780115195,-3.447504801092407,-3.271206785778082,-2.8337265255536463,-5.811204117528911,-2.3113620357334246,-2.2460664745058967,True,True,True,True,True,True,True,True,True,True,True,True,-1.9,-1.9,-1.9,-1.9,-1.9,-1.9,-1.9,-1.9,-1.9,-1.9,-1.9,-1.9
180,11.5,1.0936878499390035,3.086979967966042,2.542997590778095,3.1917433264433788,4.319632404872854,4.130057678187586,3.1932991325081463,2.5220512932805166,3.4787046968507385,3.277400534557108,0.14231710607268228,0.2460955607967008,0.16092349876534864,0.5474668378137142,0.45799022594148175,0.5729013446793483,0.8946782359879675,0.8328724075069622,0.5731642993435334,0.4216015671102628,0.6457596607741456,0.5940401773214146,0.026499548536065953,0.07450108520897872,0.004556853244376073,0.01554427178687456,0.012995455695570857,0.016269080038642733,0.025464329490166457,0.02369497524590728,0.016276819031844282,0.011960070892947448,0.0183476847591242,0.01687211249345646,0.0007496801807651078,0.002108361328512744,5.0,5.0,5.0,5.0,5.0,5.0,5.0,5.0,5.0,5.0,5.0,5.0,8.070614307083694,13.325325225069012,13.710177661626542,13.622991719512177,16.98644862761325,16.3993166038027,13.627323338938448,11.760108428425886,14.450252779636502,13.867945497976923,14.507356025480913,23.86271324544287,25.348961469422314,25.34148014191525,25.34321191108578,25.340987871433207,25.334760061858187,25.33595627868047,25.34098278209454,25.343916192978025,25.339577739969915,25.340578741294006,25.35156316888229,25.350634126313413,-2.5917106098277003,-2.453817964246457,-5.811204117528911,-5.388414756998143,-5.805208785112335,-4.869936928126508,-3.6348984503118915,-3.2811738377339186,-3.1312905273195235,-5.811204117528911,-2.459813296663033,-2.393864640080699,True,True,True,True,True,True,True,True,True,True,True,True,-2.22,-2.22,-2.22,-2.22,-2.22,-2.22,-2.22,-2.22,-2.22,-2.22,-2.22,-2.22
180,17.5,2.035292410796145,3.919596834767421,2.596508328114848,2.5202786108561077,3.1725165639049098,2.3751235923956555,2.78724993018917,2.133545653525453,3.035514153005163,2.778490467514757,0.3367624668816986,0.5056057235573818,0.485021010089658,1.147197037012469,0.7023445014131617,0.6293488733326067,0.8491540693280162,0.5846634607310264,0.715309792022429,0.5133709233656029,0.8001975063411857,0.7123949809085259,0.09443812447486068,0.1865145126055524,0.00902032738993667,0.021400717652222,0.013074988174957137,0.011712169673282282,0.015818934571957353,0.010878405862917075,0.013317291297927159,0.009548770020316549,0.014903542657442674,0.013262845903560336,0.001753167104422045,0.0034639620336416924,5.0,5.0,5.0,5.0,5.0,5.0,5.0,5.0,5.0,5.0,5.0,5.0,10.871036033391485,16.251516114087128,14.311967765675735,12.188683591177568,14.03120866576385,11.789747992551716,12.932643124666557,11.134556814499172,13.637103630354236,12.90801168768507,15.198908879716418,21.070466020863858,26.247396630765596,26.234419546778312,26.243137604336596,26.24456814600194,26.240260484030955,26.24544387440158,26.242883515305408,26.246841039516962,26.24121991687627,26.242940638709296,26.255051131539616,26.253246652105997,-2.91161917113489,-2.2888445752581146,-5.811204117528911,-5.617635397766879,-4.050024346393513,-3.2330512206196778,-3.507607762887934,-3.052245692784485,-2.898226169073024,-5.811204117528911,-2.32232708041278,-2.2352725670106497,True,True,True,True,True,True,True,True,True,True,True,True,-1.8,-1.8,-1.8,-1.8,-1.8,-1.8,-1.8,-1.8,-1.8,-1.8,-1.8,-1.8
181,8.0,5.970725705556708,5.712816665807462,5.314589865170207,5.987351037548232,6.231123872944447,6.75158229828357,6.264067524063357,6.100937795599704,5.900081541036307,5.502426142919316,1.6805705318242654,2.088421658002988,0.6107046697850208,0.5418307153185449,0.4835581094849812,0.6162822776660489,0.6961926346721748,0.9402830565849151,0.7082855730566834,0.6516366086365097,0.5912510904633844,0.49432144695057545,0.15976175494491288,0.2265869813792572,0.0531806381556638,0.04712176233671334,0.042002943263353784,0.053672364265006975,0.060731930044363905,0.08242469447888588,0.0618016974220291,0.05679483976263998,0.05147011371652979,0.0429495735335437,0.013789755711523261,0.019583467463699412,5.0,5.0,5.0,5.0,5.0,5.0,5.0,5.0,5.0,5.0,5.0,5.0,21.938821312575264,20.794907266133922,20.125138320598456,22.014519632351917,23.153832832496292,25.796330691112498,23.312193558431698,22.538496079266015,21.620035472864156,19.900802345660402,20.80509101957531,22.745774860292887,18.93132498505903,18.932467862809506,18.93343482434359,18.931232431582213,18.92990641843599,18.92585604098244,18.92970575113985,18.930645770360826,18.931647793051486,18.93325622012367,18.938807822774642,18.937698941121862,-2.7352820799004633,-1.573432593532333,-5.811204117528911,-4.837193833178114,-3.0182966983747517,-3.703489985207239,-2.9661624265505404,-2.9140281547263296,-2.139461830480909,-3.144908501376407,-1.8117606933001547,-1.8787904713598544,True,True,True,True,True,True,True,True,True,True,True,True,-1.35,-1.35,-1.35,-1.35,-1.35,-1.35,-1.35,-1.35,-1.35,-1.35,-1.35,-1.35
181,16.0,3.7230923512187712,4.520098006176792,3.5032002783180087,3.47561879629999,3.3294263547361473,2.9823855646749213,3.377234796200945,2.861683733399393,3.5044622906409995,3.36799349046357,0.850900911366486,0.884754800843299,0.976326194977476,1.3466358974622208,0.942054565662135,0.8802226399169546,0.8267746515425931,0.7076893761121227,0.843863673009239,0.6690678332972612,0.8912259975738154,0.840448690415937,0.24479623741559214,0.2872229341427203,0.022556412825705155,0.031179052827799706,0.021759727498944864,0.020324296000874233,0.01908461363432673,0.016324423718573962,0.0194810215492825,0.015430064634353558,0.02058008085590787,0.019401799113184234,0.00563159841096299,0.006609262541084174,5.0,5.0,5.0,5.0,5.0,5.0,5.0,5.0,5.0,5.0,5.0,5.0,16.436074361162042,18.98344469227648,16.961475977769013,15.675206621185309,15.231558633509627,14.196649150127719,15.376073561490125,13.842357559714548,15.763001630671097,15.348102889298731,18.27995486413645,20.48496148444415,27.425748765899833,27.418391202564127,27.42642969778364,27.427658216255573,27.428720156995965,27.431086223697566,27.428380620772792,27.431853582601413,27.427439594112208,27.42844847195398,27.44028329728967,27.43944033501728,-3.6736989727362612,-1.9160292369485765,-5.811204117528911,-5.590354250363298,-3.3683410949087396,-3.0480877108457296,-3.3087590699667846,-2.9587146734327963,-2.549088251956853,-5.811204117528911,-2.0575365461857205,-2.0202977805969984,True,True,True,True,True,True,True,True,True,True,True,True,-1.35,-1.35,-1.35,-1.35,-1.35,-1.35,-1.35,-1.35,-1.35,-1.35,-1.35,-1.35
214,17.5,5.3903933601226806,4.979362124763021,4.252703220620863,3.2789414686021416,2.734039506787425,1.02313561782865,3.474518356741115,3.0379087751183516,3.5219247465303125,3.406107292751117,1.9312297525226794,1.8366998245304464,2.2839662444546223,1.9202783536241417,1.4931300524983322,0.9424970653966469,0.7308100263684637,0.22671180876140842,1.0271786998877823,0.8449178814411724,1.0487196775864291,0.997257878157675,0.7831090945493696,0.7589669752183724,0.04654396807212293,0.03905862392110891,0.030302243071664795,0.019073274629327414,0.014773463696703541,0.004571124782716844,0.02079643297640594,0.01709024393894342,0.02123492032692855,0.020187527848031683,0.015834974979600583,0.015344892486061948,5.0,5.0,5.0,5.0,5.0,5.0,5.0,5.0,5.0,5.0,5.0,5.0,22.904387499503358,21.428051680774235,19.80508884019183,15.794481586078723,14.125150086191889,9.2359629100477,16.40806315806204,15.048624324187132,16.55807105488823,16.192427251317493,22.199679118243623,22.49243705018882,28.357120905946047,28.364409795220546,28.372970533010268,28.384006102175647,28.38824865032538,28.398351587993226,28.382308946254454,28.38596174569659,28.381877230474885,28.382908607563206,28.387200493026935,28.387684339861245,-5.811204117528911,-1.6031312108226636,-5.811204117528911,-5.806174291014355,-2.5150197731108963,-1.327054857102373,-3.1424660315661024,-2.807828027056659,-2.1971136688269253,-5.794472217303439,-1.6114971609353996,-1.65332691149908,True,True,True,True,True,True,True,True,True,True,True,True,-0.8,-0.8,-0.8,-0.8,-0.8,-0.8,-0.8,-0.8,-0.8,-0.8,-0.8,-0.8
216,11.0,5.187435478968177,4.979713673832038,4.357837097290357,3.839868158413922,3.625753962256142,3.3124215490296107,3.8937383753810746,3.506826854369283,3.885125553359418,3.8822539884375526,1.7183125990215162,1.634401622123607,1.639216404162679,1.5019134704783295,1.2156723443011028,0.9373958316182941,0.8560685469934584,0.7464243594497211,0.9590342409146635,0.8130721699703786,0.9554918436254862,0.9544118694695345,0.5361040840645778,0.5262398746550172,0.04342392118902512,0.03975029057165678,0.03211114426451991,0.024714696982002703,0.02255882068592592,0.019655042830790264,0.025289623405423307,0.021419610393740473,0.025195611020059464,0.025166950261564364,0.014096937253591782,0.013836641715616417,5.0,5.0,5.0,5.0,5.0,5.0,5.0,5.0,5.0,5.0,5.0,5.0,22.064283590409023,21.32651614306948,20.003493705896762,17.487383454092058,16.80104711868935,15.815312777205284,17.661246532866638,16.42442124651619,17.633348033874828,17.624048573981753,21.83395836659498,22.3198572341565,28.262931327934695,28.2656839715778,28.271422522060483,28.27700139829501,28.278631844397122,28.28082998661992,28.27656759234347,28.279493834018997,28.27663861018058,28.276660261458638,28.285046478966592,28.285244236236572,-5.811204117528911,-1.5748960217858532,-5.811204117528911,-5.667106579708636,-2.9869987203668726,-2.711070606851041,-3.141193842625719,-2.889612327361285,-2.2241386418231035,-5.79497305202798,-1.7047445457933033,-1.7372066767951657,True,True,True,True,True,True,True,True,True,True,True,True,-0.95,-0.95,-0.95,-0.95,-0.95,-0.95,-0.95,-0.95,-0.95,-0.95,-0.95,-0.95
216,12.75,4.435481341933997,4.4450237536757555,3.8456710907536134,3.215147756104288,2.5369975805307856,1.5664901277257193,3.259381319272292,2.830723521758872,3.322056081372516,3.228646912047166,1.468812951419781,1.3519589077473704,1.6413620418645989,1.6480910995522837,1.3205846243642019,0.948477838714841,0.6768232320798013,0.3692853696890856,0.968647303153939,0.7874404672618068,0.9973500566254031,0.9546487621788792,0.5591623242393983,0.542515334695894,0.034307374898188345,0.034448876629793526,0.027553374403996675,0.019749860760294148,0.014072880944047647,0.007665639443127131,0.020172470913211178,0.01638269211885714,0.02077344558631642,0.0198794389580233,0.011619019880520384,0.011272092736876798,5.0,5.0,5.0,5.0,5.0,5.0,5.0,5.0,5.0,5.0,5.0,5.0,21.167039763487832,21.202066104143093,19.868565303329298,16.907371171611867,14.68272917058557,11.65360020866674,17.05541974119769,15.634615264162415,17.26643131698652,16.952258593998618,21.605432558057352,22.43357362510686,29.797630574845595,29.79749429447071,29.80412712588455,29.811663225974602,29.817164916307807,29.82339333299312,29.811254743494203,29.814924638548394,29.810673440407662,29.811538249224203,29.81954784618807,29.819884989675465,-5.811204117528911,-1.6398202837895783,-5.811204117528911,-5.747176657672831,-2.540644419091263,-1.8102464715493565,-3.165540440877116,-2.82468806535756,-2.280947371076363,-5.811204117528911,-1.7372066767951657,-1.7615532750465626,True,True,True,True,True,True,True,True,True,True,True,True,-0.95,-0.95,-0.95,-0.95,-0.95,-0.95,-0.95,-0.95,-0.95,-0.95,-0.95,-0.95
216,13.25,3.9117451129655136,4.063558576406653,3.5610499395354918,2.969324180703441,2.1911648939405355,1.351392134490703,3.0275621814912945,2.5797146872454744,3.0582269787215433,2.9995142025420556,1.2726339141403906,1.1458176699110658,1.457803823609338,1.5652144432978532,1.289386383183221,0.926149761868767,0.6060753956140675,0.33447016233842963,0.9536406846640844,0.7559192202909808,0.9686097595121007,0.9403662463159986,0.5068998275332742,0.4796921794282078,0.0299664984878503,0.03219245593213088,0.02647936493949666,0.018982930726308873,0.012401484392213714,0.006833984359061575,0.01954968631408336,0.015479986578663429,0.01985814578993984,0.019276188663157338,0.010366660236046845,0.009808807261849775,5.0,5.0,5.0,5.0,5.0,5.0,5.0,5.0,5.0,5.0,5.0,5.0,19.80325591498323,20.353415803370186,19.30937450847466,16.512171796489998,13.936661296386054,11.286375166833109,16.709509428274615,15.207356263364982,16.813889173096292,16.61420629564196,20.85967722000751,21.624166606842543,30.21203494486568,30.209855093383965,30.215452903053837,30.222824631189116,30.229320400262626,30.23483250951136,30.222266714951754,30.226279385471024,30.221962924134033,30.22253611386395,30.23133312497884,30.23188529228043,-5.240927836486252,-1.658628944302789,-5.811204117528911,-5.734027598630139,-2.4216746724584595,-1.7791098487484214,-3.18472040061413,-2.799181506388107,-2.2931617077164517,-5.811204117528911,-1.7871419090447969,-1.7871419090447969,True,True,True,True,True,True,True,True,True,True,True,True,-1.0,-1.0,-1.0,-1.0,-1.0,-1.0,-1.0,-1.0,-1.0,-1.0,-1.0,-1.0
216,14.25,4.04801552484672,4.1873717384759965,3.470704511062677,2.6990510620877264,1.6196148829881274,0.013129935002280213,2.793908519216167,2.300521933022645,2.894514824221668,2.726968560274148,1.2929619493458548,1.1667620567511698,1.774950406561121,1.8887712780132,1.4347889931300029,0.9409188844521879,0.49011308921203744,0.0034920588301256875,0.9877191750184114,0.7583319914470704,1.039072704066661,0.9546487621788792,0.5995142445453342,0.5587907947367707,0.02886510494762119,0.030730344040567077,0.023298663952107137,0.015247162162420419,0.007927036052397404,5.6364293523445076e-05,0.016008917320022544,0.012279093812764817,0.016844915490715113,0.015470747365390688,0.009700962331252649,0.009040444961897766,5.0,5.0,5.0,5.0,5.0,5.0,5.0,5.0,5.0,5.0,5.0,5.0,20.203731199067892,20.710834771273415,19.1053813432802,15.535626524264408,12.068270245844063,7.280932265133886,15.850785019324306,14.229701296393452,16.187327122703362,15.62800391668624,21.15493147398157,21.699778074662653,30.140226875272457,30.137918331301304,30.147126115896583,30.157142915516687,30.166286273738127,30.176156045701678,30.156193700076173,30.16084618949167,30.15515213469041,30.15686444263165,30.164067371577566,30.164893334982526,-5.811204117528911,-1.7372066767951657,-5.811204117528911,-5.807838491607652,-2.094290117815653,-0.9581155327504656,-3.21423363737991,-2.7516482706033694,-2.337756100329622,-5.811204117528911,-1.794015406048425,-1.7858998732979594,True,True,True,True,True,True,True,True,True,True,True,True,-0.95,-0.95,-0.95,-0.95,-0.95,-0.95,-0.95,-0.95,-0.95,-0.95,-0.95,-0.95
216,16.0,3.4024302289947905,3.755947594246642,3.187899924838612,2.5213111609578958,1.3209120757678474,0.012251019164093324,2.592931732864919,2.104751738677666,2.6849553901746694,2.5427629917852372,1.1135357084299806,0.9792711310075658,1.467369622104577,1.744408443070529,1.3798841539671396,0.9285486237430978,0.40982454371325533,0.0034558320010498675,0.9661935806669042,0.7270176532337288,1.0157563662309828,0.9400109140988786,0.5327620636319105,0.48948181574306915,0.02282280375513335,0.02716205680587323,0.021453390029367143,0.014409552085132026,0.0063463237712773,5.3425861529718955e-05,0.014996273423606682,0.011272913736015756,0.01576875811599172,0.01458831823544458,0.00825424233737503,0.007582338015474931,5.0,5.0,5.0,5.0,5.0,5.0,5.0,5.0,5.0,5.0,5.0,5.0,19.619912235559724,20.991615759981187,19.688970014287484,16.335353636958082,12.126838645667535,7.8455937385038625,16.59551050475899,14.841671950275199,16.931863982612864,16.412918759941466,21.482280912250662,22.22208916017096,31.437667857338603,31.43202571617733,31.43944957644595,31.448641424591067,31.459205700287427,31.46748175931414,31.44787475167413,31.452745781446243,31.446865361612755,31.448407984887584,31.45670196872021,31.457583409332873,-5.377472861524635,-1.7309174869701685,-5.811204117528911,-5.808221483261009,-1.9558151752686816,-1.0080320602963755,-3.216848641799632,-2.7268929637207275,-2.3574181900874556,-5.787107936639784,-1.827302210526674,-1.8032060296375478,True,True,True,True,True,True,True,True,True,True,True,True,-1.0,-1.0,-1.0,-1.0,-1.0,-1.0,-1.0,-1.0,-1.0,-1.0,-1.0,-1.0
217,13.0,4.5776556879952865,4.294973315791456,3.9260016382115848,3.104445572513643,2.2670736808264498,1.4358587363286417,3.2073180350322437,2.7905563803814504,3.21520109074564,3.174427445778708,1.7610022877753644,1.6354503051255898,1.9462208124925218,1.6998962389370649,1.4822306270965662,0.9634074971133061,0.6157089850588533,0.34879911875396713,1.0138885430980327,0.8215500695997344,1.0177789319065198,0.9975022411109127,0.758889225645781,0.7143218590290564,0.04093438000599321,0.03570443896003362,0.031094298434322,0.02015316542526692,0.012855580752404654,0.007272065684561047,0.02121551488905585,0.017172741578523488,0.0212973751647133,0.020870758062313994,0.015857508482243356,0.014922601326603021,5.0,5.0,5.0,5.0,5.0,5.0,5.0,5.0,5.0,5.0,5.0,5.0,22.51813632040385,21.44858455136889,20.695708550837256,17.165182460040477,14.341256882413894,11.673272005979005,17.52182737164811,16.089420193949543,17.549285765523177,17.40741738839916,22.682154312932486,22.871394237001475,30.37380966774549,30.37880877289256,30.383226250470162,30.393755656213504,30.400812124011875,30.40622900332355,30.392731154056982,30.396634622716107,30.392652199438544,30.393063710591733,30.397906311297593,30.3988107965815,-5.811204117528911,-1.5111057595825668,-5.811204117528911,-5.799437165600893,-2.2389434193906057,-1.6114971609353996,-3.1090022311151584,-2.7492663762675065,-2.155283918263245,-5.811204117528911,-1.5863993105971916,-1.6031312108226636,True,True,True,True,True,True,True,True,True,True,True,True,-0.8,-0.8,-0.8,-0.8,-0.8,-0.8,-0.8,-0.8,-0.8,-0.8,-0.8,-0.8
217,14.5,5.990602397046251,5.523688313946073,4.76990533816762,4.215177954253562,4.082076381031577,4.02933413958765,4.305684954862327,3.929298841897002,4.2419826939496454,4.270170537025505,2.094379231483609,2.05676439346451,1.926273210565041,1.5903346970116623,1.2444228879283366,0.9561514265568282,0.90764979128575,0.888457494372286,0.9907707411334742,0.8543246484862036,0.9661224596174182,0.9771378026722584,0.6196800244407737,0.622140460488075,0.05359940779589027,0.04414987885306764,0.034462687677724445,0.02642707509825955,0.025078831046105518,0.02454528508319625,0.027391227243658528,0.023596741019409496,0.026705243592833272,0.02701178154093081,0.017088097571730174,0.017156236686967512,5.0,5.0,5.0,5.0,5.0,5.0,5.0,5.0,5.0,5.0,5.0,5.0,23.50851912638915,21.819441251168058,20.141415832742855,17.454091538593687,17.035720126198118,16.871241725475258,17.740629810171928,16.56108377598199,17.538555020127443,17.62784390518218,22.214806486005518,22.561749689681037,26.661090293048645,26.66770680589136,26.674519748840464,26.68019743017023,26.68115269930347,26.6815307032354,26.679515581765656,26.68220297034397,26.680001044624547,26.67978409075993,26.686824438576497,26.68677597879577,-5.811204117528911,-1.5381761828377993,-5.811204117528911,-5.682829753890047,-3.0312612333765854,-2.9817667013145264,-3.130250297500704,-2.9075249032214376,-2.1568578336135396,-5.786456851497881,-1.6124179809308883,-1.6701616016699572,True,True,True,True,True,True,True,True,True,True,True,True,-0.87,-0.87,-0.87,-0.87,-0.87,-0.87,-0.87,-0.87,-0.87,-0.87,-0.87,-0.87
217,16.0,6.300968884064587,5.895657781208546,4.642563605315619,4.577372467910072,4.579092513645178,4.938475955546249,4.664508422861063,4.353321333825653,4.577809198139467,4.461281726261045,2.2329693326232496,2.4158459158162664,1.949256850054383,1.6049667461066421,1.016129911785659,0.9352875673543827,0.9361108166010862,1.0770229945122565,0.9677240702050718,0.8575550629046742,0.9355585721562997,0.8942147425381677,0.5714826892064911,0.647795737209233,0.057496790750747005,0.04723360051346016,0.029786622522462804,0.027402288859285997,0.027426822929686318,0.03158497508840809,0.028359014317832793,0.025112117951726104,0.02741054218346162,0.026192022284106855,0.01670317603345902,0.018943232278293733,5.0,5.0,5.0,5.0,5.0,5.0,5.0,5.0,5.0,5.0,5.0,5.0,23.645105165087788,21.707509252302504,17.7691076729325,16.3294122379355,16.33570476601911,17.686018265690507,16.649838627276846,15.5245871077902,16.33101616693969,15.909046764893283,20.655973468566955,21.43643239298148,18.59486805937966,18.600520863363066,18.610188812468948,18.611516140560546,18.61150262385888,18.609189025787156,18.610983574592428,18.61279240904969,18.611511691007664,18.61219050391014,18.617489352223604,18.616236389397226,-5.811204117528911,-1.5381761828377993,-5.811204117528911,-5.595145436761852,-3.1055030314696745,-3.493210199289138,-3.072506676761635,-2.9157739918984475,-2.11561239022849,-4.474851751853312,-1.554674360191819,-1.7031579563779968,True,True,True,True,True,True,True,True,True,True,True,True,-0.87,-0.87,-0.87,-0.87,-0.87,-0.87,-0.87,-0.87,-0.87,-0.87,-0.87,-0.87
242,11.5,6.575364866688959,5.8798060369006215,5.273216227381104,5.037330796207278,5.003304851281183,5.402012455349233,5.087864337575869,4.831975243514805,4.904402989673969,5.114555223345826,2.5352755770867863,2.601261908231589,1.8166218880564526,1.3280582428661625,1.0936908333799462,0.9477448580680978,0.9354114354481405,1.0935030365172251,0.966764055686055,0.8752584121201277,0.9002650202915281,0.9768971105375295,0.5955141360717332,0.6282729527672253,0.07145365222951244,0.051998795037914484,0.04272512101566325,0.036973413992102036,0.03648951662690185,0.04272019591977255,0.03772370392753708,0.034123650939184166,0.03510685471092506,0.03812274492160619,0.023156233952615398,0.024437566317518533,5.0,5.0,5.0,5.0,5.0,5.0,5.0,5.0,5.0,5.0,5.0,5.0,24.3055954707506,21.64132279663331,20.337616659795557,18.697465917152144,18.583896083572583,19.93825318536431,18.866424857795316,18.018842546527583,18.256523242174346,18.95611682010264,22.1714200285137,22.556623460181633,23.968514675740913,23.97774649911918,23.98217506958548,23.984932842252586,23.9851658927065,23.98217861816607,23.98457345842423,23.986302534968978,23.985830013953137,23.98438198578071,23.991588539715714,23.9909695341618,-5.811204117528911,-1.387163064898893,-5.811204117528911,-5.500453537279823,-3.058652259595573,-3.4910773248902363,-3.025388793034445,-2.917282526710779,-2.027484796200606,-5.34551558567312,-1.486953464582277,-1.578427997625379,True,True,True,True,True,True,True,True,True,True,True,True,-0.83,-0.83,-0.83,-0.83,-0.83,-0.83,-0.83,-0.83,-0.83,-0.83,-0.83,-0.83
242,13.0,5.11331510047544,5.229175665123052,4.1784284676943395,3.907832478267972,3.836595950615087,3.394840289109098,3.8722410951569626,3.4476608582494483,3.937081303082864,3.856754380975746,1.401763052118672,1.3366101749930626,1.4789393267197124,1.5461046013157616,1.0910786521669666,0.9304102312440836,0.9046901079739393,0.7547713690557087,0.9176067789938739,0.7718725216959704,0.9410548560083796,0.9118057120168819,0.402433416410509,0.40040499872237706,0.03646271031187334,0.03813482522771753,0.026835666681229078,0.022861616434242206,0.022226594515219522,0.018526347448141738,0.02254571775158531,0.018948089567402362,0.023125162211630974,0.02240238856393808,0.0098567285707051,0.009806925399163703,5.0,5.0,5.0,5.0,5.0,5.0,5.0,5.0,5.0,5.0,5.0,5.0,20.247405426971273,20.64214032922747,18.30297988058589,16.36242895900696,16.144172144454767,14.817765383698852,16.25312761618892,14.97409122462849,16.4520898973483,16.20575559553115,20.078814248347893,20.83828565278172,26.463648371785695,26.46232955833544,26.471264150586595,26.474418930728845,26.47492395426541,26.477867660675006,26.47467033095223,26.477531873614616,26.474209919831523,26.474784236913326,26.484785938516918,26.484825767201396,-5.811204117528911,-1.7449394618320047,-5.811204117528911,-5.6490005520431925,-3.2865020779182594,-2.893246308508501,-3.207850924036308,-2.948302116225867,-2.3584184621112287,-5.811204117528911,-1.8550510772667372,-1.886511538819518,True,True,True,True,True,True,True,True,True,True,True,True,-1.1,-1.1,-1.1,-1.1,-1.1,-1.1,-1.1,-1.1,-1.1,-1.1,-1.1,-1.1
242,14.25,4.13812129860975,4.732977990409575,3.455793462941758,3.0570537969543725,2.7881166302721647,0.01611597155663469,3.115295511147043,2.5749797865225403,3.29481131845497,3.0626467214174364,0.9577950277591686,0.8992006203365656,1.3607309129376617,1.7088955493592684,1.0994685807742761,0.872541096883873,0.7718318723595806,0.0032882379041788714,0.895577300355291,0.6963482960097606,0.968006287757538,0.8746899283003631,0.33298338691390356,0.3309981197943513,0.024734657213995603,0.03111267229104451,0.019961426760959498,0.015825190091739622,0.013992383321391112,5.940434649194741e-05,0.01624487250726429,0.012619628793215213,0.017564444818286958,0.015864490167767458,0.006024575122851599,0.005988602325699027,5.0,5.0,5.0,5.0,5.0,5.0,5.0,5.0,5.0,5.0,5.0,5.0,17.33412961073445,19.25235381917912,16.61084599004284,14.06214972039326,13.286233448749154,6.023411740196376,14.231906907161331,12.681389178208626,14.759950347788319,14.078294542245985,18.46693937289205,19.593598892850768,26.861859653786397,26.854989485817114,26.867015019720334,26.871492872345453,26.873480119803006,26.888645427557115,26.871038309846373,26.874969601485507,26.869609102921704,26.871450470472244,26.882139709240533,26.88217888357689,-5.329374636052581,-1.948920178710714,-5.811204117528911,-5.748738357332815,-3.0808370558297105,-1.2376480870075608,-3.302631579048973,-2.897282967648251,-2.530174791285334,-5.811204117528911,-2.017752961778761,-2.0024567877636392,True,True,True,True,True,True,True,True,True,True,True,True,-1.23,-1.23,-1.23,-1.23,-1.23,-1.23,-1.23,-1.23,-1.23,-1.23,-1.23,-1.23
242,15.75,4.212772411078504,4.802276782017316,3.6196196923512547,3.1926268144666,3.1592972999085704,1.6363616425654217,3.313908057076037,2.8103299213307134,3.4605356798899587,3.289858114469831,1.0121193716281336,0.9514353152411907,1.272096886578449,1.5971416419759596,1.0633440379323686,0.8384631723557116,0.8265740950869743,0.36316870409785523,0.8838717172371845,0.7053374588406096,0.9403244855674858,0.8746899283003631,0.32328484166398397,0.3277209106874765,0.025721232659434705,0.032347034487814445,0.021477009928326317,0.016915707184125578,0.016675062068664755,0.007309229283241566,0.01783616549067819,0.014220500668775213,0.0189808106313995,0.01765005626551501,0.006505199429716152,0.006594611292316429,5.0,5.0,5.0,5.0,5.0,5.0,5.0,5.0,5.0,5.0,5.0,5.0,17.90638704358965,19.84134737469733,17.31854930894838,14.75426892968203,14.654904020143418,10.347070661908147,15.11697940494686,13.629678940928338,15.559802930130473,15.0447800057281,19.021980977169893,20.459362280414467,27.322183654492726,27.31573972740859,27.32632212500469,27.33078032922528,27.331016027066102,27.34020291748763,27.32988011672422,27.333419511604536,27.32876095538789,27.330062143283417,27.340993604607142,27.34090566070141,-4.595158283326746,-1.9030316566653491,-5.811204117528911,-5.71586785323754,-3.226150708973365,-2.0789376578392473,-3.27203923101873,-2.9202272286709334,-2.49193435624753,-5.811204117528911,-1.9948087007560784,-1.9948087007560784,True,True,True,True,True,True,True,True,True,True,True,True,-1.23,-1.23,-1.23,-1.23,-1.23,-1.23,-1.23,-1.23,-1.23,-1.23,-1.23,-1.23
243,8.0,3.5106657713567393,4.486430212253367,4.088817295944595,5.2016862409083595,6.038700673006064,6.298686904178412,5.197781324254786,4.9857728042847755,5.182358221235053,5.529751829925497,0.4981073025852066,0.8588007345557374,0.3042394106175296,0.44647347112417934,0.405669153817141,0.5882959079561249,0.8280516656798759,0.929425415452746,0.5874507260694448,0.5410809967979416,0.5838939902027471,0.6699368131678044,0.05126115698141336,0.1242967533813386,0.01942786347571367,0.02857231673574142,0.025943935213508986,0.03772703281714163,0.05329842012150173,0.05991560190087275,0.037674355869128213,0.0346762670522538,0.03744424214607492,0.04301799139441406,0.0032610429111766736,0.007915964667831525,5.0,5.0,5.0,5.0,5.0,5.0,5.0,5.0,5.0,5.0,5.0,5.0,13.301887492786943,16.307003858087953,16.241959531238315,18.723655219424003,21.839705108482047,22.884558252534763,18.709831291300944,17.972619025984706,18.655557664783313,19.903863139276226,16.943614122633974,22.589393600459207,21.95144667919094,21.948872553820497,21.94961102270783,21.946305877938173,21.941966823168393,21.94013218004383,21.94632117388156,21.947160364551596,21.946385543020693,21.944828356136274,21.956025032213667,21.954703247677887,-2.646177036215563,-2.136936426391216,-5.811204117528911,-5.0094633231754635,-4.219021451369243,-4.741154228530916,-3.3423540724311263,-3.297231486750488,-2.749314374914165,-5.811204117528911,-2.291642434439119,-2.240073765089818,True,True,True,True,True,True,True,True,True,True,True,True,-1.95,-1.95,-1.95,-1.95,-1.95,-1.95,-1.95,-1.95,-1.95,-1.95,-1.95,-1.95
243,11.5,3.367827144096906,4.656856921007986,3.3897861123049124,3.548446501468539,4.205597144819966,4.250324825809211,3.621749902927583,3.1046790756915756,3.8242012624527932,3.650869336258112,0.6152859897114074,0.8138445644368529,0.6852112033248836,1.1289832226162055,0.7357851147922916,0.7381040997271455,0.9540573285904317,0.969884652931248,0.7604092267435417,0.6130063982269722,0.8238251422749915,0.7692147515124288,0.14157658355546013,0.22895197549420793,0.017697007858048897,0.029240972316717975,0.019008957799384097,0.01906922932631318,0.024682796107618192,0.02509480248182946,0.019648598719593846,0.015824933344028392,0.021295831449799556,0.019877243315421428,0.0036439136296633934,0.005896057958055518,5.0,5.0,5.0,5.0,5.0,5.0,5.0,5.0,5.0,5.0,5.0,5.0,14.235222765779186,18.17008034336665,15.765266671237178,14.762505686969885,16.744962353791628,16.883796782309144,14.978426607536123,13.480002335560915,15.581630919108173,15.064598436893432,17.04025543034248,20.966856541052962,25.556183922128472,25.547571312390318,25.555202397058245,25.555157390813225,25.550966227781217,25.5506590552651,25.55472449881959,25.55758525384948,25.55349373953798,25.55455360352859,25.56673463875027,25.565038880300495,-3.188868331488371,-2.07806657761597,-5.811204117528911,-5.525305912614458,-4.1239103141784295,-4.187183831804073,-3.385719275212594,-3.0904428596262594,-2.7178321447196945,-5.811204117528911,-2.1975832220199623,-2.1343097043943193,True,True,True,True,True,True,True,True,True,True,True,True,-1.6,-1.6,-1.6,-1.6,-1.6,-1.6,-1.6,-1.6,-1.6,-1.6,-1.6,-1.6
244,11.75,4.633858158822555,4.801453642640414,4.11463375585693,3.7147601394915943,3.8039439551502516,3.653686923577383,3.9070186088652283,3.5032752926025377,3.9141479312718532,3.9326670604395546,1.3040144408629273,1.217093673020114,1.1985195692301205,1.2843435418144178,1.0150474394292524,0.8182423924437211,0.8499738848880384,0.7969049236614136,0.8876196831851317,0.7471715207795264,0.8902851456225052,0.8973014112140197,0.34836701077364157,0.34131207679843933,0.03529852253676673,0.037850867676489736,0.029853341023460322,0.02403033181689842,0.024968848122226533,0.02340068024434002,0.026082016125215143,0.021932196754291946,0.026160856132912733,0.02636840067280792,0.010195691991865067,0.009988693618259452,5.0,5.0,5.0,5.0,5.0,5.0,5.0,5.0,5.0,5.0,5.0,5.0,19.43046559342518,19.99285224447708,18.609006847124665,16.472355336619017,16.75032776121011,16.282548737232407,17.074175955522577,15.819270057653847,17.096665460456745,17.155138226925736,19.936802273970972,20.70799020291399,27.502254782560456,27.500548882553023,27.505901608711316,27.509813449669103,27.509182731332878,27.51023756879408,27.508434455930786,27.511226106259674,27.508381475251205,27.508242014828152,27.519153036184935,27.519293265209047,-4.10702431495991,-1.6869333624532468,-5.811204117528911,-5.598123045972942,-3.196572091669622,-3.0565025188557313,-3.1887904487355168,-2.9397778748441556,-2.340591368918069,-5.7956408316607,-1.8659111499376624,-1.8814744358058724,True,True,True,True,True,True,True,True,True,True,True,True,-1.15,-1.15,-1.15,-1.15,-1.15,-1.15,-1.15,-1.15,-1.15,-1.15,-1.15,-1.15
244,14.25,4.104756838938155,4.261846735400567,3.6113379868099162,2.9659685542430507,2.201699785259692,0.6353763845220382,3.048619285186331,2.5613401515223604,3.122827409997832,2.999422535906567,1.2893810640538947,1.167862809774146,1.5626274027893834,1.6756803641168818,1.311603705370005,0.9247627461182254,0.6160846787800488,0.14852107000495443,0.9630640197370934,0.7527210113505322,0.9980984144139617,0.940250273015911,0.5224171691924561,0.48948181574306915,0.029886453643099845,0.03206624021232357,0.025053116870689906,0.01763024301868162,0.011727645458473658,0.002820675911116715,0.01836424367352436,0.014338332817269994,0.019035609827436777,0.01792718803129609,0.00993999785865405,0.009311819664860714,5.0,5.0,5.0,5.0,5.0,5.0,5.0,5.0,5.0,5.0,5.0,5.0,20.028899847543517,20.592294472209478,19.177472094001647,16.122093071369335,13.653308430739077,8.924060536203442,16.395750780730918,14.800652564063677,16.642945546314763,16.232509127700883,21.0671982231915,21.609898887730523,29.844110801037775,29.84182392627902,29.849188595999866,29.857013749936378,29.86325779761535,29.872715837479724,29.85623897840595,29.86049387019217,29.855530290442946,29.856700462836933,29.865152536690523,29.865818764514987,-5.811204117528911,-1.6987892457846665,-5.811204117528911,-5.769886129413359,-2.445770853347586,-1.3453785927441455,-3.2088165815032563,-2.7911494460917314,-2.333322009198329,-5.803172057232535,-1.8112380899339233,-1.8032060296375478,True,True,True,True,True,True,True,True,True,True,True,True,-1.0,-1.0,-1.0,-1.0,-1.0,-1.0,-1.0,-1.0,-1.0,-1.0,-1.0,-1.0
244,16.0,3.320059353672372,3.9091773663552676,3.1921465459636273,2.684137213381123,1.836821216211037,0.013126201132136583,2.749562947969922,2.233194795153496,2.845657914964491,2.706206378091418,0.9442029333028982,0.818853743149347,1.2153751223703348,1.596990739430412,1.2025407973920594,0.887085135262451,0.5401898910862655,0.0033467394819673727,0.917832350870884,0.691980308609145,0.9641882455713545,0.8975283586970002,0.3824463922623673,0.35583599496007506,0.021223126957531844,0.027935166668100548,0.0209969873459701,0.015466746188115948,0.009403711358100825,5.811839871510371e-05,0.016005310656711326,0.012054440097953568,0.01681723024380333,0.01564979611494958,0.0066529055960570785,0.006189250361775277,5.0,5.0,5.0,5.0,5.0,5.0,5.0,5.0,5.0,5.0,5.0,5.0,17.74507961455618,19.82970138496635,18.310017493310447,15.582567203723954,12.826277206380002,7.3213425918201676,15.800942473830146,14.09845720055146,16.123667692848183,15.655950153829806,19.641536343963143,20.870782537009212,30.246916174168284,30.239184521397796,30.247176201640535,30.25356743285602,30.260595639920414,30.271472251502495,30.252944484569536,30.257520318183804,30.252005299521368,30.253355849855243,30.263791572961896,30.264330708004668,-4.177059101366855,-1.8192212923330322,-5.811204117528911,-5.745922208360099,-2.4184077982591194,-1.157781642934105,-3.266606878076567,-2.7997083020302655,-2.4417527270614343,-5.811204117528911,-1.9359459363446074,-1.9126010075422926,True,True,True,True,True,True,True,True,True,True,True,True,-1.15,-1.15,-1.15,-1.15,-1.15,-1.15,-1.15,-1.15,-1.15,-1.15,-1.15,-1.15
277,13.0,6.112930343048685,5.620920011301866,4.766037719561511,4.395993387636184,4.481625187043844,4.533288426331113,4.565776060901826,4.2777407195733455,4.457055540453972,4.595458542232814,2.112514294872194,2.1620359532151494,1.817909377365359,1.4637005381776118,1.092107906986601,0.8954237201656725,0.9263297448899895,0.9449253050631914,0.9575765822849126,0.8547888112968335,0.9174005905187372,0.9688140006310668,0.5472141804382504,0.5780536436817811,0.06091574843566438,0.04891051540746011,0.03638462988853798,0.029785882591276756,0.030822206131516653,0.03144557531958154,0.031869782388663115,0.02842568767615284,0.030522944014378727,0.032246652975898266,0.018153216893592356,0.01918095181653286,5.0,5.0,5.0,5.0,5.0,5.0,5.0,5.0,5.0,5.0,5.0,5.0,22.210659242303237,20.362366244455533,18.33083967987004,16.20946806943248,16.481933241431193,16.647550290759504,16.752151180938693,15.836900999855999,16.403483066861686,16.848035199409917,20.253080392176898,20.717709347691972,22.715012484952535,22.72154180663181,22.728391573081055,22.732017158280808,22.73144745093608,22.73110466899293,22.73087146120844,22.732766203369636,22.731612046831955,22.73066431584359,22.738435891652585,22.737867411271363,-5.811204117528911,-1.5149253903416833,-5.811204117528911,-5.608944777901826,-3.1137314052300598,-3.1629254364573947,-3.080935384411837,-2.9415522959343883,-2.121651775478811,-5.803005112324355,-1.5969154423872411,-1.6871044996373548,True,True,True,True,True,True,True,True,True,True,True,True,-0.9,-0.9,-0.9,-0.9,-0.9,-0.9,-0.9,-0.9,-0.9,-0.9,-0.9,-0.9
278,8.5,5.265355840090021,5.17406935387462,5.0353455115576935,6.257174763558252,6.21096321283504,6.683952954595105,6.253067310074879,6.164708181786411,5.938501320663262,5.358105775529438,1.1417078774871954,1.8653596169544024,0.2945682481327757,0.2819689139160369,0.2808610981012944,0.5257129131210014,0.5083674505284066,0.765960781850987,0.5242055836571906,0.49193147375423973,0.4241801846844778,0.3085824332841622,0.06654325685629182,0.14410851081904152,0.03980810093783804,0.03809276330235846,0.037940103001838824,0.07153528619140156,0.06914418198328234,0.10499050386294108,0.07133221886232746,0.06687574808712911,0.05754849282913724,0.04172118324365177,0.008932421614706285,0.019388860848148507,5.0,5.0,5.0,5.0,5.0,5.0,5.0,5.0,5.0,5.0,5.0,5.0,20.019038152316977,19.564702482636573,19.966637426444333,25.71869946834921,25.415841862997567,28.757800841715223,25.692012487594695,25.11666033546616,23.712850385081378,20.49117316570743,20.682432458046375,24.710669240681813,15.682444488393411,15.682627779734034,15.682643895906711,15.679081865036105,15.679334201630851,15.675586810997217,15.679103793213692,15.679573307298307,15.680558932759856,15.682240614225144,15.685761727671917,15.684633331588435,-2.3657542560939975,-1.8166785809649273,-5.811204117528911,-4.249428837148959,-2.9216933771621805,-3.6286283088908577,-2.9011030393448403,-2.8873761474666138,-2.26966601294641,-2.8118782421363666,-2.0225819591383285,-2.0363088510165555,True,True,True,True,True,True,True,True,True,True,True,True,-1.7,-1.7,-1.7,-1.7,-1.7,-1.7,-1.7,-1.7,-1.7,-1.7,-1.7,-1.7
278,10.0,4.6148272390741445,5.001638539365865,4.307694319072177,5.602492239408136,5.723670615016518,6.178215480086271,5.5321360965198645,5.3586202665988925,5.32353825494996,4.962616233641148,0.8739671529890711,1.4025228441037054,0.41659196805391635,0.49204019001917454,0.3879143109017848,0.651893436025826,0.6935077046158862,0.896662565450197,0.6296440224445023,0.5792963327740969,0.5697859529944715,0.4841078101756468,0.08353302456428122,0.17057742096947764,0.030756879442220827,0.0363732807647073,0.028625969019923606,0.04831597684613894,0.05143752768360455,0.06673009360735718,0.04665140221657201,0.04288532815483853,0.04217464300563771,0.03578220539217125,0.006133676824366373,0.012543092198694433,5.0,5.0,5.0,5.0,5.0,5.0,5.0,5.0,5.0,5.0,5.0,5.0,16.641876752646066,18.238774341894885,16.592912470068025,20.97156389036624,21.56634631468471,23.953818130046685,20.633711184564028,19.821574087422007,19.66093287737043,18.07239184042204,17.694031319491984,21.605718074260018,17.05190101424134,17.05073449604776,17.05234440452869,17.04826297697265,17.04761957146675,17.0444785585296,17.04860697905863,17.049385413519712,17.049532455169626,17.050857139963874,17.057050496985873,17.055704688305283,-2.6471555395976454,-1.9059033781734012,-5.811204117528911,-4.741392703433224,-3.4158614847783433,-4.067888848994114,-3.1619139850311484,-3.1138698634573547,-2.468705945180698,-3.518813173865044,-2.104943310407689,-2.0980798644685756,True,True,True,True,True,True,True,True,True,True,True,True,-1.7,-1.7,-1.7,-1.7,-1.7,-1.7,-1.7,-1.7,-1.7,-1.7,-1.7,-1.7
279,15.75,6.090579724907816,5.773026178352501,4.800592082770408,4.713518478708177,4.837520784854382,5.1814294886059304,4.7386790619961365,4.447468483999409,4.64163170108365,4.781961987964539,1.9204164846336562,1.9616266043338775,1.5719572811165095,1.3786369620639092,0.9994127776049081,0.916153380099635,0.9603509271197839,1.0943926437068119,0.9250700884174639,0.8284669842210887,0.891627095235425,0.9403662463159986,0.45000290811627397,0.4699025431133464,0.05355108776816558,0.046893310848413125,0.033888585936907245,0.031044783383538024,0.03255495018702184,0.03713915506277631,0.03135000549548795,0.02805424507627745,0.030208464056241204,0.03187232985373389,0.015191852575960483,0.015866200480882345,5.0,5.0,5.0,5.0,5.0,5.0,5.0,5.0,5.0,5.0,5.0,5.0,22.189103178334943,20.997350701143553,18.646160353244497,17.334313964020943,17.740991033719308,18.89794177944306,17.416316579097078,16.478883892023568,17.100789175131847,17.55807568058769,20.656545799145018,21.014590243584365,23.08284251028969,23.086435592374507,23.093483913161414,23.09503138551732,23.094209922904547,23.09171860231886,23.09486565816352,23.096661138766525,23.095487234934414,23.09458136134888,23.103695332059107,23.103325474289615,-5.811204117528911,-1.5783083413390342,-5.811204117528911,-5.526193612643166,-3.3212654256525127,-3.714836380174911,-3.1124318579467505,-2.9839188932047427,-2.1887449238635703,-5.811204117528911,-1.6987892457846665,-1.7710777884520459,True,True,True,True,True,True,True,True,True,True,True,True,-1.0,-1.0,-1.0,-1.0,-1.0,-1.0,-1.0,-1.0,-1.0,-1.0,-1.0,-1.0
108,8.25,3.8894394273272863,4.865611339665749,3.611758546319597,4.76254035291044,5.3575927913644525,5.679744670448201,4.7227763454117735,4.393001000233806,4.716693695563232,4.810883066146188,0.5841236802279737,1.01574030907436,0.47233071990526354,0.6939122218203035,0.44904746741472334,0.666457304076747,0.8491540693280162,0.9762236968650785,0.6561778589752238,0.5762983559141592,0.6544380290756987,0.6795128576011983,0.07869843706238383,0.17503669644521083,0.02051326856079726,0.030202349825733613,0.019497549920217145,0.028999147894916297,0.037015609215431546,0.04260794003530075,0.02854939770205431,0.02505431483996754,0.02847321406250318,0.029571441614399382,0.0034047698867612896,0.007579824606634887,5.0,5.0,5.0,5.0,5.0,5.0,5.0,5.0,5.0,5.0,5.0,5.0,13.914866478119736,17.500185614488107,14.47403781371505,17.09430514380605,19.54211351513384,20.98482431658944,16.939640032415326,15.69500150036294,16.91606709877488,17.2838037826624,16.273595639321268,21.017132751749713,17.871556555120154,17.868021911156386,17.871927967025755,17.86845986901135,17.865545510127987,17.86351850928148,17.86862384559904,17.869898074724137,17.868651599175934,17.868251608244723,17.877835734385883,17.87629895697412,-2.884833167011158,-2.0946460453610554,-5.811204117528911,-5.1362990914118285,-4.050024346393513,-4.63261993608469,-3.34689173814554,-3.2196582185578118,-2.6906346371140986,-4.974141488662277,-2.2352725670106497,-2.2084865628869177,True,True,True,True,True,True,True,True,True,True,True,True,-1.8,-1.8,-1.8,-1.8,-1.8,-1.8,-1.8,-1.8,-1.8,-1.8,-1.8,-1.8
108,11.25,1.8381750147595155,3.7950304593071884,2.475402407175322,3.022317792818778,4.041088387851543,3.8481700523370477,2.9849633711666157,2.298049596433026,3.270358772347351,3.0134705207132453,0.22382569637812957,0.4186429577870416,0.3548489830030172,0.8865316873495409,0.5442270820225478,0.649544874455147,0.9729997138272174,0.904929646498206,0.639329769693625,0.4614471840394053,0.7211839360088312,0.6472761429340672,0.051710507754408344,0.13254114339801734,0.0075622489580686346,0.018944329605670506,0.011609206192210285,0.013863266094045316,0.020801260483127786,0.019339294765783385,0.013644623854993628,0.009839306265197774,0.015397995141096747,0.013814776299058893,0.0011003090398317335,0.0028214041168261365,5.0,5.0,5.0,5.0,5.0,5.0,5.0,5.0,5.0,5.0,5.0,5.0,9.09536731847522,14.447735575173436,12.849212423195578,12.225575480847459,15.189262738399574,14.606415327190057,12.121930649118427,10.27464300816163,12.922098473268015,12.200959406259843,14.143359687924828,21.081346463474482,23.02649663158217,23.016653031711073,23.02299047609534,23.02104061728004,23.015052158394468,23.016312410985925,23.02122974023456,23.024523067218684,23.01971428815308,23.021082620687572,23.032108952298053,23.030612449914024,-2.8506286064753894,-2.4087516645271028,-5.811204117528911,-5.492830106648423,-5.722828729139254,-4.807512206532088,-3.582881824561122,-3.172567521323427,-3.0336919109968226,-5.804891589786792,-2.4087516645271028,-2.3393138593638003,True,True,True,True,True,True,True,True,True,True,True,True,-2.03,-2.03,-2.03,-2.03,-2.03,-2.03,-2.03,-2.03,-2.03,-2.03,-2.03,-2.03
136,10.75,5.068528602197273,5.6391907352371256,4.227301709190631,4.234791816753532,5.298448878800144,5.561409677159627,4.642681879104289,4.268798961763621,4.674576087270747,4.707872391448459,1.072972857291811,1.290798257253788,0.9380728178802141,1.1509040809930675,0.737005261683901,0.6964493461364164,1.0188894923812497,1.1197040697935357,0.8067359839819838,0.7051689896274872,0.8160976836501339,0.8258641304053848,0.2023257547577387,0.2745370213545705,0.030044046453665492,0.03692101734656967,0.0235681043632029,0.02226447742688039,0.03265307541236992,0.03591156527788616,0.02581227255065518,0.022545103921629017,0.026113670554036957,0.026428145111621698,0.006443941014286953,0.008748611176902933,5.0,5.0,5.0,5.0,5.0,5.0,5.0,5.0,5.0,5.0,5.0,5.0,18.404620010853368,20.418012008699392,17.072136747540544,15.686094456065351,19.199354228734787,20.135322495944074,16.98575364608004,15.792310240887556,17.089747291772937,17.19869306075126,18.767825758498493,21.169691709554787,22.6693995583932,22.66548606379568,22.673096744527427,22.67384247780961,22.66791351910356,22.66605976276023,22.671814551296023,22.673682142917098,22.671642410415313,22.671462827133915,22.682928314058877,22.681600509122827,-3.6313770410872452,-1.886042523801182,-5.811204117528911,-5.519409720252774,-4.043776758251885,-4.478269317407486,-3.2705272885681858,-3.108513113967792,-2.497277818884487,-5.789111275537948,-2.0333281370742675,-2.0406924177379215,True,True,True,True,True,True,True,True,True,True,True,True,-1.4,-1.4,-1.4,-1.4,-1.4,-1.4,-1.4,-1.4,-1.4,-1.4,-1.4,-1.4
138,8.0,2.1046741412668304,2.967547308802936,2.531569007604593,4.458210435118951,5.125819513955533,5.232487613227182,4.414075375281957,4.0710165221071355,4.424713846025727,4.2780813225471634,0.019602547658452082,0.09372203738488413,0.14198248832154467,0.22054820965151362,0.19093684983421863,0.4340372638604416,0.6164480765884964,0.6574643624472676,0.42504898276526,0.3626563298294731,0.42723375377857065,0.39877401945134067,0.0017722547275081314,0.01408344846413131,0.008144443032630361,0.012663380698084946,0.010959131773728186,0.02498682234153666,0.03556801774045882,0.03795380277857127,0.024466811180894683,0.020859318457615874,0.02459323332570999,0.0229469386225553,0.00010148615152965824,0.000806594306347402,5.0,5.0,5.0,5.0,5.0,5.0,5.0,5.0,5.0,5.0,5.0,5.0,7.984198836421643,10.99267993689097,11.423137125908983,17.97999583291862,22.274998325497926,23.060528190859788,17.728075997199472,15.880133055996966,17.788499469972944,16.972784252267203,16.243401813921803,25.91479318349109,12.200600652426107,12.199664102372477,12.200017087365875,12.197119186068214,12.19494474085787,12.194455802373371,12.19722633171646,12.197970089190635,12.19720028794858,12.197539544882256,12.20227204167283,12.202125284932624,-2.8641459952742294,-2.6286004576219035,-5.811204117528911,-4.8364817825167155,-4.359586269206438,-4.567742790852679,-3.598171624237292,-3.4776599538105204,-3.1435139585362903,-4.288374827590618,-2.5519112128048675,-2.562866819207301,True,True,True,True,True,True,True,True,True,True,True,True,-2.53,-2.53,-2.53,-2.53,-2.53,-2.53,-2.53,-2.53,-2.53,-2.53,-2.53,-2.53
201,11.0,1.3764125659397597,3.0517718499399695,2.615915379051213,2.5966885104566098,2.6327948879474072,2.9003715889401747,2.741437649078537,2.146125964462584,2.897692336336591,2.7846947430543514,0.3612865643738644,0.4479343223307163,0.2945131232983134,0.8318632179869767,0.7029312700273294,0.6573277734265175,0.670437199248744,0.7706455517385011,0.7100331146383141,0.5083433257334555,0.7698209447101307,0.7264831331994575,0.10074155383801985,0.16850287764721614,0.006700816230170131,0.018987559376694267,0.016031878440747868,0.014987709644890504,0.015288122495668808,0.017583775997658105,0.016194887346122,0.011580588712688675,0.017564873957222175,0.01657172722794013,0.0022893984250064864,0.0038308595710063614,5.0,5.0,5.0,5.0,5.0,5.0,5.0,5.0,5.0,5.0,5.0,5.0,11.776838132232436,17.436937775138272,17.13503450297502,15.84348792902347,15.968004648688968,16.90171584715363,16.345261216917912,14.30808259814687,16.892284449443256,16.496164083095817,17.871036070660356,23.08370115693866,30.793460338561154,30.782538670898163,30.78515921921606,30.78608611257491,30.78581966283665,30.783782923039325,30.78501487386765,30.789114228957025,30.783799683218593,30.784680526414192,30.797398755442625,30.796021503132884,-2.414437401532276,-2.1025586212212075,-5.811204117528911,-5.496915557400561,-3.4110935038306898,-3.7094123371717114,-3.4314334242857596,-2.983955174274227,-2.8008958901786,-5.804424144043888,-2.2720579583467884,-2.143238462131347,True,True,True,True,True,True,True,True,True,True,True,True,-1.75,-1.75,-1.75,-1.75,-1.75,-1.75,-1.75,-1.75,-1.75,-1.75,-1.75,-1.75
201,16.75,4.777697533438445,4.791314460205026,3.7082429858332615,2.6904054211176778,2.0230150465094345,0.014374512572535969,2.9876142666724355,2.482206810072409,3.1351238858556516,2.899703662092172,1.401459832567724,1.29981968433433,2.0838345883352534,2.09488038986639,1.4352270404223766,0.8632370457673273,0.6027696148867177,0.0034920588301256875,0.9940292983140282,0.7777684877588289,1.0628480599445909,0.9544118694695345,0.6110433646327446,0.5967668681654834,0.03330557439956507,0.03348337214443343,0.022878069761809717,0.013728590434356615,0.009576204640952185,5.5344235694151984e-05,0.01581717363236415,0.012365162811963086,0.016916944919017907,0.015184337740522557,0.0097079745511494,0.00948060883960884,5.0,5.0,5.0,5.0,5.0,5.0,5.0,5.0,5.0,5.0,5.0,5.0,20.431005336612817,20.477940196102786,18.0842770309919,13.78656485485511,11.849856319434197,6.463456755979741,14.675474442518631,13.173608024783839,15.123148484588318,14.410721517224324,20.392111614382152,21.322905678033514,28.07445812447722,28.074237336432297,28.08742276013761,28.098855932486515,28.104062263115306,28.116040870516223,28.096241602901657,28.100564313338023,28.09486602505954,28.097033492438594,28.10389688398682,28.104182248496993,-5.811204117528911,-1.8264775370502877,-5.811204117528911,-5.808238833563944,-2.362102698581019,-0.9581155327504656,-3.230464702880841,-2.800341467106163,-2.370218231331485,-5.79497305202798,-1.8102464715493565,-1.842708602551219,True,True,True,True,True,True,True,True,True,True,True,True,-0.95,-0.95,-0.95,-0.95,-0.95,-0.95,-0.95,-0.95,-0.95,-0.95,-0.95,-0.95
234,8.25,5.106870402791109,5.463512264555646,4.6518467088166515,5.220494407888793,5.771482494385064,6.0430498650905395,5.278087504635676,5.0246552977125996,5.1726739057565485,5.462869326612994,1.148727120108679,1.421740757734078,0.7080557109522758,0.8104006208493646,0.6312578400074073,0.7395032228942462,0.9144884387987064,1.0197907730689408,0.7558845378085409,0.6871452974192666,0.7263751325201763,0.8110367208062509,0.16571469542605224,0.23710707682999477,0.03499028962195559,0.04009790371872595,0.03116650027264429,0.03655757380335299,0.04530388252456762,0.05058369093312734,0.03737637883280572,0.03394981363358879,0.03590468961087476,0.040129677167253804,0.008137325673492386,0.011652780059795288,5.0,5.0,5.0,5.0,5.0,5.0,5.0,5.0,5.0,5.0,5.0,5.0,18.673655914846684,19.908797075077306,18.261518125144395,19.06183944348661,21.01758129150889,22.0310399809356,19.26034918786106,18.39569861495474,18.897752388429343,19.906520595545356,19.376812248743118,21.820995350060794,23.199607661913404,23.19770141268587,23.201038078749104,23.19902192887199,23.19576270051385,23.193801367082003,23.19871681483229,23.199997133746297,23.19926644921169,23.197689564856283,23.209709162251304,23.20837942663436,-3.0736202307328,-1.7921979858495138,-5.811204117528911,-5.213772352049031,-3.7580162024318273,-4.129337421119598,-3.1973939702953897,-3.1173050799901847,-2.425628300081593,-5.752957651852398,-2.0106222321364378,-2.0033414239268734,True,True,True,True,True,True,True,True,True,True,True,True,-1.45,-1.45,-1.45,-1.45,-1.45,-1.45,-1.45,-1.45,-1.45,-1.45,-1.45,-1.45
235,9.75,3.007864330507414,4.323096060158945,3.338108388034212,3.533650157992712,3.9326096733607465,3.8225844424901254,3.512294409631923,2.986711902411882,3.6465650448433853,3.5405026648363034,0.5954750683801714,0.7559589931727978,0.6105813132526395,1.0522970300628047,0.7492733381791893,0.7670660143107927,0.9026842043509846,0.8632275763665669,0.7604092267435417,0.6049859430628766,0.8038528055258095,0.7692147515124288,0.13991097669010183,0.2199143975141734,0.015789682421717768,0.027291077828839817,0.019393307916337733,0.01985620284127705,0.023388011247573923,0.022359946835663235,0.019683446302421866,0.01564438389320884,0.02081390276763789,0.019912525284679915,0.003607025313444731,0.005672534343804827,5.0,5.0,5.0,5.0,5.0,5.0,5.0,5.0,5.0,5.0,5.0,5.0,14.290079377277584,18.362664861980296,16.63180023360614,15.8726398552509,17.11278659932401,16.76713931802308,15.807013709510564,14.227621377421858,16.219866881644982,15.89342466658437,17.596136559693704,21.658474391488316,27.458551702059154,27.449770785545464,27.45579462766572,27.45544092505175,27.45274495576843,27.453529318522705,27.45557325608199,27.458662933053727,27.454709636283496,27.455398210062768,27.467908210721944,27.466317813703387,-2.9990477786114416,-2.0429146233795015,-5.811204117528911,-5.494900770872273,-3.9340897613015002,-3.8005123352029204,-3.385719275212594,-3.069351687084378,-2.6897105813305195,-5.811204117528911,-2.1905528311726687,-2.1132185318524384,True,True,True,True,True,True,True,True,True,True,True,True,-1.6,-1.6,-1.6,-1.6,-1.6,-1.6,-1.6,-1.6,-1.6,-1.6,-1.6,-1.6
235,11.0,1.3902457560157893,3.273440068492197,2.499268938152333,2.5727435316539005,2.6390637757221604,1.8587648777407484,2.6283243624889283,1.9708759857872167,2.850851331461436,2.640596507700626,0.31659315935257826,0.426212879015893,0.3244664979586338,0.9630466948152281,0.70786786442711,0.6879948312661597,0.7119937946571057,0.4563635751932764,0.7080782701506425,0.4902028611495603,0.7909183768087747,0.7123949809085259,0.09322737928928547,0.17216724240512526,0.006296190388019196,0.01874759852219845,0.013762145037961493,0.01337445807146603,0.013842845018599448,0.00886138541154667,0.013766446619535456,0.00952007535387213,0.015383437305524807,0.013850673000069152,0.0018069325093080233,0.003338267023310277,5.0,5.0,5.0,5.0,5.0,5.0,5.0,5.0,5.0,5.0,5.0,5.0,10.893651336458367,16.74930249067023,15.873623620169095,14.492436916464111,14.701656684324787,12.289843906751415,14.66768731937949,12.629534526267157,15.376192167685444,14.706509421113147,16.732282941002374,22.81029469118513,29.478942705267773,29.466039936777396,29.47119592718917,29.471597469779027,29.471112561117334,29.476277672026068,29.471191675857305,29.475593935708027,29.46951785834278,29.471104454988538,29.483614984221607,29.482019972689056,-2.5366151134026382,-2.2084865628869177,-5.811204117528911,-5.547056426275565,-3.5946622762900637,-2.898226169073024,-3.4875182597951344,-2.991977183506087,-2.884833167011158,-5.811204117528911,-2.3156305793818466,-2.2017900618559842,True,True,True,True,True,True,True,True,True,True,True,True,-1.8,-1.8,-1.8,-1.8,-1.8,-1.8,-1.8,-1.8,-1.8,-1.8,-1.8,-1.8
276,11.75,2.3519508595134244,3.904338657754888,3.3092724203552475,4.264118262517089,5.680657842267429,5.545492627500076,4.40189661535517,3.9788701867663576,4.532967893065691,4.589823602463025,0.24789540341427602,0.4785375797054668,0.24113107112057172,0.47409770370883303,0.3989899869594759,0.5435172132984931,0.9214157266909857,0.8747603928059273,0.5722539447005747,0.4880624961025309,0.6006204352119306,0.6134582136054905,0.03133424143871155,0.08904865614396902,0.010761956469309957,0.02121180684375253,0.017836806101532245,0.024335020078419152,0.041421567927331045,0.03930471034884381,0.025630085407107473,0.0218398396915875,0.02690865028550037,0.027487541123694687,0.0013953987504691228,0.003967991035306874,5.0,5.0,5.0,5.0,5.0,5.0,5.0,5.0,5.0,5.0,5.0,5.0,10.18063153623352,14.55758460271963,14.383875422950425,15.66941152002551,20.50245750633127,20.005024923573142,16.106221678899633,14.784550235875377,16.5278334283808,16.712585302927373,15.460495729744991,22.756424974140806,22.268396820601332,22.264147241188933,22.265517292355764,22.26288094946512,22.255987645799063,22.256838692767268,22.262356758422012,22.263892507308825,22.26183932099872,22.261605145150636,22.272223756151277,22.27117097882516,-2.706209640559484,-2.3517023971259667,-5.811204117528911,-5.223628717298842,-5.695072434335172,-4.973833559763534,-3.543580198324861,-3.384663158165008,-2.987370557765377,-5.798979729824307,-2.412824335648987,-2.357814590978269,True,True,True,True,True,True,True,True,True,True,True,True,-2.15,-2.15,-2.15,-2.15,-2.15,-2.15,-2.15,-2.15,-2.15,-2.15,-2.15,-2.15
278,13.0,6.589355539829112,5.998579458919413,5.446417173970405,5.714464469338374,5.7535324199030695,6.225705621968721,6.019741807967757,5.871326552657532,5.624844168965564,4.993124263928702,2.7445157593389085,3.138896874187158,1.2069113331127184,0.8462620398053617,0.6888218597101066,0.7342023846263045,0.7483454901158603,0.9602707666489622,0.8568468524985399,0.793354663703718,0.7035342452073436,0.5319774968142482,0.3991444610255473,0.48171136973481743,0.07659693899769165,0.05343720755316858,0.043397307504847014,0.04628639831767184,0.04718887822368502,0.06073426999865687,0.054113687948556255,0.050058889551542356,0.04433511235668809,0.03344297112940485,0.0250454984085351,0.030261540355314417,5.0,5.0,5.0,5.0,5.0,5.0,5.0,5.0,5.0,5.0,5.0,5.0,26.138419504439014,22.827608308006468,21.161811660108512,21.39936161730445,21.590476353286117,24.04063243528003,22.937813177915924,22.176470657274496,20.967576124417096,18.139222569852617,23.230126396145806,23.96614425705989,17.28003718315987,17.285661252770122,17.288116420570915,17.2874087435123,17.287188191826065,17.28388336763949,17.285496190133088,17.2864863057277,17.287886991367237,17.290562297025605,17.292633733885957,17.291346161580393,-3.761452816389966,-1.2525572237958984,-5.811204117528911,-5.083587939674467,-2.662786118979492,-3.2039204624801734,-2.8349652282751636,-2.7857711970478287,-1.8346865933193586,-2.7939702022523845,-1.4083383226824582,-1.5559204163644622,True,True,True,True,True,True,True,True,True,True,True,True,-0.9,-0.9,-0.9,-0.9,-0.9,-0.9,-0.9,-0.9,-0.9,-0.9,-0.9,-0.9
278,14.75,6.446365223759582,5.99473602593921,5.032023473067106,5.378822280027951,5.256614539453226,5.812816460243697,5.368213872481103,5.152989899135702,5.132493179286945,4.750794756155171,2.4242248808983664,2.6838628435443814,1.5476683314082949,1.223115370296696,0.8525532462403159,0.9284198076886373,0.8822277264792484,1.123494116709505,0.9244636690045885,0.8451830337626258,0.8381997659142293,0.7188988246466326,0.47639822767565326,0.5539680751950401,0.06405964991571159,0.05047446489184156,0.035060192633190025,0.03820733677089136,0.0362914586393328,0.04632028023913016,0.03804384339828932,0.034755594831316856,0.03446618890172117,0.029527832236047307,0.019523421502140592,0.022718681907839638,5.0,5.0,5.0,5.0,5.0,5.0,5.0,5.0,5.0,5.0,5.0,5.0,24.6107064728195,22.325227907171158,19.21412407864737,19.539559682082285,19.02469957403362,21.46665140657937,19.494477716452735,18.596785277694117,18.513063256997466,17.006079153900632,21.715768458346023,22.475409491895004,18.206654951023413,18.21190052338838,18.21788971674158,18.21666352691791,18.217410104314222,18.213510647335454,18.216727467828143,18.218008837463096,18.218121704209764,18.220049900207375,18.223969304996043,18.222715585889283,-5.811204117528911,-1.4083383226824582,-5.811204117528911,-5.29544185738322,-2.998945332366279,-3.6712637591398525,-2.998945332366279,-2.916955280320721,-2.015064707819586,-3.548278681071516,-1.5067263851371275,-1.6543084788191316,True,True,True,True,True,True,True,True,True,True,True,True,-0.9,-0.9,-0.9,-0.9,-0.9,-0.9,-0.9,-0.9,-0.9,-0.9,-0.9,-0.9
278,15.25,6.396249193908006,5.9707293486811865,4.885456133510408,5.069233877787315,4.989359646610647,5.395204673644587,5.072018847352387,4.818227053258299,4.878649117174234,4.679228403669637,2.3098428203758186,2.5198830428713914,1.6905934027816634,1.3716178382464526,0.9224827362184977,0.9366298088153191,0.9075465108604327,1.0689432135209727,0.9377689223060017,0.848389124963644,0.8686995387910005,0.8035319703196154,0.5085872971131975,0.5720322515600959,0.060403729835176966,0.048881714826381574,0.03275533861150782,0.03326171268661411,0.03222182361500627,0.03800167854126527,0.03330298518169481,0.030107084692345982,0.03083290684305534,0.028504892730064325,0.01799900411732929,0.020254687433554065,5.0,5.0,5.0,5.0,5.0,5.0,5.0,5.0,5.0,5.0,5.0,5.0,24.047225074036707,21.99950138580695,18.606978359963016,18.17771365670118,17.866874997136584,19.489785832174327,18.1886564528006,17.213988481817704,17.442498214050822,16.696345860663822,21.293709003540723,21.7883896903273,18.7459696618615,18.751225564406226,18.758626163662516,18.758393056041967,18.75887227450484,18.756212869100352,18.758374286361278,18.759847037118796,18.75951237337778,18.760586168448764,18.76544610328646,18.76440069249453,-5.811204117528911,-1.4739303643189046,-5.811204117528911,-5.4308424020743615,-3.0645373740027253,-3.507283655048737,-3.031741353184502,-2.925154285525277,-2.0560597338423645,-3.958228941299305,-1.5477214111599065,-1.678905494432799,True,True,True,True,True,True,True,True,True,True,True,True,-0.9,-0.9,-0.9,-0.9,-0.9,-0.9,-0.9,-0.9,-0.9,-0.9,-0.9,-0.9
