Model,training,sub-sample,solver,Rank,BIC,Ntotal,p1,v1,ci1,p2,v2,ci2
CAP,wet,0.0,differential_evolution,5,3254.93628,713766.0,krlC,1.26168259,0.01648438,PcritC,-4.9741816,0.05239493
CAP,wet,0.0,basinhopping,2,3249.4886,22887814.0,krlC,1.97888056,0.08282609,PcritC,-3.14514249,0.13633837
CAP,wet,0.0,Nelder-Mead,4,3252.23363,145436.0,krlC,1.94547047,,PcritC,-3.19037384,
CAP,wet,0.0,Powell,1,3239.03438,184266.0,krlC,2.02269073,,PcritC,-3.11282009,
CAP,wet,0.0,COBYLA,6,3272.7358,21180.0,krlC,1.39381447,0.05191098,PcritC,-4.52026528,0.17169719
CAP,wet,0.0,dual_annealing,3,3249.74083,4025612.0,krlC,1.15420484,,PcritC,-5.42505172,
CAP,wet,0.0,ampgo,7,3276.1819,16406028.0,krlC,1.17267314,0.01700497,PcritC,-5.26611038,0.06922018
CGain,wet,0.0,differential_evolution,3,2779.18093,107312.0,Kappa,6.40945924,0.07352118,,,
CGain,wet,0.0,basinhopping,6,2840.52448,213918.0,Kappa,7.36319023,0.10560081,,,
CGain,wet,0.0,Nelder-Mead,5,2835.26356,21886.0,Kappa,7.39854332,0.101896,,,
CGain,wet,0.0,Powell,2,2769.11493,58598.0,Kappa,6.25152582,0.0667244,,,
CGain,wet,0.0,COBYLA,4,2819.87428,14826.0,Kappa,6.99233532,0.09735371,,,
CGain,wet,0.0,dual_annealing,1,2756.42035,1426826.0,Kappa,7.23575627,0.06032133,,,
CGain,wet,0.0,ampgo,7,3095.19469,350176.0,Kappa,6.46767132,0.36353851,,,
CMax,wet,0.0,differential_evolution,4,3708.50665,235098.0,Alpha,2.20908249,,Beta,4.7785078,
CMax,wet,0.0,basinhopping,5,3717.04305,285224.0,Alpha,2.34739247,,Beta,0.68104399,
CMax,wet,0.0,Nelder-Mead,2,3689.1512,49420.0,Alpha,2.22638955,0.06940064,Beta,1.12153018,4.43606726
CMax,wet,0.0,Powell,3,3705.27971,73424.0,Alpha,1.9804279,,Beta,4.04092772,
CMax,wet,0.0,COBYLA,6,3743.3419,25416.0,Alpha,2.1710222,,Beta,0.98611388,
CMax,wet,0.0,dual_annealing,1,3665.48917,2850122.0,Alpha,2.26275721,,Beta,2.69352952,
CMax,wet,0.0,ampgo,7,3774.39607,4223292.0,Alpha,1.97503352,,Beta,1.56580913,
Eller,wet,0.0,differential_evolution,3,3418.75063,144730.0,kmaxS1,0.31933178,0.00349022,,,
Eller,wet,0.0,basinhopping,5,3418.75063,14242138.0,kmaxS1,0.34811066,0.00349022,,,
Eller,wet,0.0,Nelder-Mead,1,3418.75063,22592.0,kmaxS1,0.31934075,0.00349034,,,
Eller,wet,0.0,Powell,2,3418.75063,22592.0,kmaxS1,0.31934258,0.00349035,,,
Eller,wet,0.0,COBYLA,6,3418.75166,14826.0,kmaxS1,0.31923286,0.00348977,,,
Eller,wet,0.0,dual_annealing,4,3418.75063,1432474.0,kmaxS1,0.32773664,0.00349022,,,
Eller,wet,0.0,ampgo,7,3420.74275,3058392.0,kmaxS1,0.29162226,0.00346949,,,
LeastCost,wet,0.0,differential_evolution,2,2763.44916,826020.0,kmaxLC,0.44174636,0.00591054,Eta,3.49958985,0.38043392
LeastCost,wet,0.0,basinhopping,4,2775.70866,20761342.0,kmaxLC,0.44038351,0.00756971,Eta,3.48090414,0.47736979
LeastCost,wet,0.0,Nelder-Mead,5,2782.34211,89662.0,kmaxLC,0.44533611,0.00265164,Eta,3.62581167,0.06560088
LeastCost,wet,0.0,Powell,1,2762.68174,307816.0,kmaxLC,0.44045798,0.002487,Eta,3.62372818,0.06174926
LeastCost,wet,0.0,COBYLA,7,2952.46371,23298.0,kmaxLC,0.46018012,0.00353612,Eta,4.70910033,0.10095145
LeastCost,wet,0.0,dual_annealing,3,2768.57579,4470392.0,kmaxLC,0.44987504,0.00379134,Eta,3.90033758,0.18113393
LeastCost,wet,0.0,ampgo,6,2801.01347,12805428.0,kmaxLC,0.45274821,,Eta,3.62028851,
MES,wet,0.0,differential_evolution,2,3296.04926,976398.0,krlM,1.73636656,0.04505196,PcritM,-2.20512981,0.05935262
MES,wet,0.0,basinhopping,5,3312.27844,22893462.0,krlM,1.16441694,,PcritM,-3.28081793,
MES,wet,0.0,Nelder-Mead,4,3311.44001,157438.0,krlM,1.22537725,,PcritM,-3.27817155,
MES,wet,0.0,Powell,3,3305.06988,143318.0,krlM,1.21215663,,PcritM,-3.27926096,
MES,wet,0.0,COBYLA,6,3318.49844,21180.0,krlM,1.20400702,,PcritM,-3.27745651,
MES,wet,0.0,dual_annealing,1,3279.94085,4402616.0,krlM,1.18762693,0.00956578,PcritM,-3.2720349,0.00672808
MES,wet,0.0,ampgo,7,3446.79846,14950962.0,krlM,5.51481473,0.08155169,PcritM,-0.69396855,0.0112348
ProfitMax,wet,0.0,differential_evolution,3,3385.84322,326172.0,kmax,0.87170221,0.00663018,,,
ProfitMax,wet,0.0,basinhopping,2,3370.9093,20070168.0,kmax,0.88675905,0.00686918,,,
ProfitMax,wet,0.0,Nelder-Mead,1,3369.87673,52950.0,kmax,0.88675422,0.00675771,,,
ProfitMax,wet,0.0,Powell,5,3397.01526,63540.0,kmax,0.8483677,0.00685222,,,
ProfitMax,wet,0.0,COBYLA,7,3432.42508,14120.0,kmax,0.87893589,0.00716806,,,
ProfitMax,wet,0.0,dual_annealing,4,3389.02599,1825010.0,kmax,0.91798014,0.00731867,,,
ProfitMax,wet,0.0,ampgo,6,3405.01513,4111744.0,kmax,0.84805296,0.00683925,,,
ProfitMax2,wet,0.0,differential_evolution,4,2080.7118,362178.0,kmax2,1.99108238,0.00883199,,,
ProfitMax2,wet,0.0,basinhopping,2,2080.3833,17057666.0,kmax2,1.98812109,0.00863559,,,
ProfitMax2,wet,0.0,Nelder-Mead,1,2079.44032,51538.0,kmax2,1.98808575,0.00872229,,,
ProfitMax2,wet,0.0,Powell,5,2081.75664,75542.0,kmax2,1.92721523,0.00848893,,,
ProfitMax2,wet,0.0,COBYLA,6,2126.43694,14120.0,kmax2,2.05791167,0.00916025,,,
ProfitMax2,wet,0.0,dual_annealing,3,2080.59216,1593442.0,kmax2,2.01523459,0.00846633,,,
ProfitMax2,wet,0.0,ampgo,7,2255.46745,5350068.0,kmax2,2.24016305,0.01022154,,,
SOX-OPT,wet,0.0,differential_evolution,5,3266.85235,107312.0,kmaxS2,0.87211597,0.00652598,,,
SOX-OPT,wet,0.0,basinhopping,7,3272.58929,296520.0,kmaxS2,0.86572853,0.00645,,,
SOX-OPT,wet,0.0,Nelder-Mead,2,3262.5092,31064.0,kmaxS2,0.87049397,0.00643227,,,
SOX-OPT,wet,0.0,Powell,1,3262.30872,43772.0,kmaxS2,0.87073016,0.00649809,,,
SOX-OPT,wet,0.0,COBYLA,6,3271.96372,14120.0,kmaxS2,0.87193577,0.00655506,,,
SOX-OPT,wet,0.0,dual_annealing,3,3264.42535,1428238.0,kmaxS2,0.88786845,0.00627176,,,
SOX-OPT,wet,0.0,ampgo,4,3264.96931,4790916.0,kmaxS2,0.72341234,0.00652613,,,
Tuzet,wet,0.0,differential_evolution,5,2860.20452,569742.0,g1T,3.04910865,0.00940151,PrefT,-2.65916765,0.03653878
Tuzet,wet,0.0,basinhopping,6,2870.94138,27802280.0,g1T,3.07063193,0.004073,PrefT,-2.56209765,0.00525411
Tuzet,wet,0.0,Nelder-Mead,2,1840.72222,180030.0,g1T,3.28950743,0.00540006,PrefT,-2.61660642,0.00782791
Tuzet,wet,0.0,Powell,1,1815.7629,189914.0,g1T,3.32350641,0.00480013,PrefT,-2.5226173,0.00624128
Tuzet,wet,0.0,COBYLA,3,1852.16072,25416.0,g1T,3.30283603,0.00561997,PrefT,-2.62861362,0.00801906
Tuzet,wet,0.0,dual_annealing,4,2859.55886,4186580.0,g1T,3.04944116,0.00953434,PrefT,-2.64605538,0.03307148
Tuzet,wet,0.0,ampgo,7,2882.06371,20805114.0,g1T,3.07231389,0.00411329,PrefT,-2.51168566,0.20675503
WUE-LWP,wet,0.0,differential_evolution,2,2584.24736,117902.0,Lambda,1.27181578,0.02217782,,,
WUE-LWP,wet,0.0,basinhopping,5,2639.48227,213918.0,Lambda,1.34257381,0.02408598,,,
WUE-LWP,wet,0.0,Nelder-Mead,7,5320.41412,2824.0,Lambda,4.97202242,,,,
WUE-LWP,wet,0.0,Powell,3,2593.29885,57186.0,Lambda,1.33214947,0.00863546,,,
WUE-LWP,wet,0.0,COBYLA,4,2605.37149,14120.0,Lambda,1.32302078,0.00858029,,,
WUE-LWP,wet,0.0,dual_annealing,1,2563.65675,1426826.0,Lambda,1.34025197,0.00780404,,,
WUE-LWP,wet,0.0,ampgo,6,2856.91049,871204.0,Lambda,2.04773737,0.85039844,,,
CAP,wet,1.0,differential_evolution,1,876.646752,255075.0,krlC,2.33234033,,PcritC,-2.58745807,
CAP,wet,1.0,basinhopping,2,881.553937,5884625.0,krlC,3.73228206,0.19487708,PcritC,-1.63867219,0.08562414
CAP,wet,1.0,Nelder-Mead,5,891.739979,27745.0,krlC,1.89919613,0.0796981,PcritC,-3.16407937,0.13091229
CAP,wet,1.0,Powell,4,889.575516,18079.0,krlC,1.94019258,0.07196737,PcritC,-3.14225007,0.11349379
CAP,wet,1.0,COBYLA,7,894.311564,5907.0,krlC,1.47302312,0.05878051,PcritC,-4.02754545,0.13990721
CAP,wet,1.0,dual_annealing,3,884.30696,823042.0,krlC,1.40472159,0.03759527,PcritC,-4.44580635,0.11917532
CAP,wet,1.0,ampgo,6,893.743855,4091940.0,krlC,1.51373285,,PcritC,-4.37514483,
CGain,wet,1.0,differential_evolution,2,729.984015,29893.0,Kappa,6.52332583,0.16444703,,,
CGain,wet,1.0,basinhopping,6,759.614318,54237.0,Kappa,7.17399957,0.20491412,,,
CGain,wet,1.0,Nelder-Mead,1,724.279341,4833.0,Kappa,5.69741473,0.10598827,,,
CGain,wet,1.0,Powell,7,760.55697,9666.0,Kappa,6.60444053,0.20313551,,,
CGain,wet,1.0,COBYLA,3,730.173304,3580.0,Kappa,6.59455216,0.16397682,,,
CGain,wet,1.0,dual_annealing,4,736.255431,361043.0,Kappa,6.31402483,0.13736163,,,
CGain,wet,1.0,ampgo,5,745.017295,718864.0,Kappa,8.16413384,0.54356928,,,
CMax,wet,1.0,differential_evolution,2,923.764195,81087.0,Alpha,2.34425406,,Beta,5.6396862,
CMax,wet,1.0,basinhopping,3,941.560163,72316.0,Alpha,2.31592851,,Beta,0.82876324,
CMax,wet,1.0,Nelder-Mead,7,975.763131,11993.0,Alpha,1.94497921,,Beta,1.20868419,
CMax,wet,1.0,Powell,6,971.132991,18437.0,Alpha,2.05207762,,Beta,7.98081382,
CMax,wet,1.0,COBYLA,4,953.492674,5191.0,Alpha,1.97056929,,Beta,0.71889005,
CMax,wet,1.0,dual_annealing,1,922.369833,722086.0,Alpha,2.02315412,,Beta,4.22464411,
CMax,wet,1.0,ampgo,5,954.797621,1380090.0,Alpha,2.80628109,,Beta,3.00645857,
Eller,wet,1.0,differential_evolution,1,905.082442,27029.0,kmaxS1,0.31821195,0.00765415,,,
Eller,wet,1.0,basinhopping,3,905.082442,3780301.0,kmaxS1,0.34693921,0.00765415,,,
Eller,wet,1.0,Nelder-Mead,5,905.09185,5728.0,kmaxS1,0.31822166,0.00765444,,,
Eller,wet,1.0,Powell,4,905.09185,5728.0,kmaxS1,0.31822258,0.00765445,,,
Eller,wet,1.0,COBYLA,6,905.092586,3759.0,kmaxS1,0.31801974,0.00765211,,,
Eller,wet,1.0,dual_annealing,2,905.082442,364981.0,kmaxS1,0.3265926,0.00765415,,,
Eller,wet,1.0,ampgo,7,908.077775,707408.0,kmaxS1,0.35715275,0.00756791,,,
LeastCost,wet,1.0,differential_evolution,1,708.196973,397917.0,kmaxLC,0.45016498,0.01741649,Eta,3.67207641,0.99090387
LeastCost,wet,1.0,basinhopping,4,742.469127,4209543.0,kmaxLC,0.47873997,0.01056427,Eta,4.18020394,0.54350163
LeastCost,wet,1.0,Nelder-Mead,3,719.800655,23091.0,kmaxLC,0.45046247,0.00582926,Eta,3.66299779,0.12453758
LeastCost,wet,1.0,Powell,6,936.076835,56743.0,kmaxLC,8.91535487,0.5174656,Eta,6.76792254,0.18818324
LeastCost,wet,1.0,COBYLA,7,966.624157,5728.0,kmaxLC,9.09056216,0.40006297,Eta,6.94753994,0.23777561
LeastCost,wet,1.0,dual_annealing,2,718.952185,1164574.0,kmaxLC,0.46462986,0.00638239,Eta,3.83753404,0.0942741
LeastCost,wet,1.0,ampgo,5,831.815236,2278491.0,kmaxLC,0.48731431,0.22502524,Eta,6.43515708,0.46558519
MES,wet,1.0,differential_evolution,1,862.20627,188487.0,krlM,1.18820516,0.0277404,PcritM,-3.26395697,0.07498617
MES,wet,1.0,basinhopping,5,875.64556,6190357.0,krlM,0.88003553,0.01720691,PcritM,-4.35306419,0.02067854
MES,wet,1.0,Nelder-Mead,7,884.101309,29893.0,krlM,1.22548237,,PcritM,-3.1889648,
MES,wet,1.0,Powell,2,864.038419,35621.0,krlM,1.171012,,PcritM,-3.28310496,
MES,wet,1.0,COBYLA,6,879.32821,5191.0,krlM,1.18694748,,PcritM,-3.21918459,
MES,wet,1.0,dual_annealing,4,872.34899,1049656.0,krlM,2.51469764,0.06732749,PcritM,-1.48105009,0.04568263
MES,wet,1.0,ampgo,3,866.14798,5013969.0,krlM,1.13364109,0.15188543,PcritM,-3.1998081,0.44412117
ProfitMax,wet,1.0,differential_evolution,2,885.658924,83593.0,kmax,0.84865358,0.01418893,,,
ProfitMax,wet,1.0,basinhopping,1,881.389592,4429176.0,kmax,0.89612654,0.01248365,,,
ProfitMax,wet,1.0,Nelder-Mead,5,899.358347,13604.0,kmax,0.81690263,0.01464374,,,
ProfitMax,wet,1.0,Powell,4,889.626836,13783.0,kmax,0.83703793,0.01402357,,,
ProfitMax,wet,1.0,COBYLA,6,905.431764,3580.0,kmax,0.84888556,0.01511584,,,
ProfitMax,wet,1.0,dual_annealing,3,889.60533,489923.0,kmax,0.85381455,0.01225132,,,
ProfitMax,wet,1.0,ampgo,7,920.526327,2901590.0,kmax,0.90368969,0.01638189,,,
ProfitMax2,wet,1.0,differential_evolution,2,477.272748,74643.0,kmax2,1.98747467,0.01447202,,,
ProfitMax2,wet,1.0,basinhopping,3,477.272805,4389259.0,kmax2,1.98747505,0.01447202,,,
ProfitMax2,wet,1.0,Nelder-Mead,1,477.266834,11814.0,kmax2,1.98743724,0.01450993,,,
ProfitMax2,wet,1.0,Powell,6,510.920055,13962.0,kmax2,2.0026631,0.01651381,,,
ProfitMax2,wet,1.0,COBYLA,7,547.353932,3580.0,kmax2,2.09367054,0.01803578,,,
ProfitMax2,wet,1.0,dual_annealing,5,481.649677,443383.0,kmax2,2.01456253,0.01384445,,,
ProfitMax2,wet,1.0,ampgo,4,478.057996,2246450.0,kmax2,2.24655952,0.01436112,,,
SOX-OPT,wet,1.0,differential_evolution,2,864.626002,35263.0,kmaxS2,0.85599494,0.01416778,,,
SOX-OPT,wet,1.0,basinhopping,7,870.72871,57459.0,kmaxS2,0.83023234,0.01395464,,,
SOX-OPT,wet,1.0,Nelder-Mead,5,867.707943,6802.0,kmaxS2,0.86496853,0.01402305,,,
SOX-OPT,wet,1.0,Powell,4,866.177561,9845.0,kmaxS2,0.84112394,0.01341562,,,
SOX-OPT,wet,1.0,COBYLA,6,870.445916,3580.0,kmaxS2,0.85632394,0.01365158,,,
SOX-OPT,wet,1.0,dual_annealing,3,864.817518,363907.0,kmaxS2,0.87272018,0.01258464,,,
SOX-OPT,wet,1.0,ampgo,1,864.438475,1356820.0,kmaxS2,1.03833242,0.01384595,,,
Tuzet,wet,1.0,differential_evolution,5,730.555461,238428.0,g1T,3.08433722,0.01792268,PrefT,-2.56199559,0.03817811
Tuzet,wet,1.0,basinhopping,6,731.631913,7217996.0,g1T,3.08270155,0.00923092,PrefT,-2.57373825,0.0212476
Tuzet,wet,1.0,Nelder-Mead,3,436.102432,42602.0,g1T,3.39592593,0.00856705,PrefT,-2.49147738,0.00985039
Tuzet,wet,1.0,Powell,2,433.347866,46898.0,g1T,3.41250554,0.00824211,PrefT,-2.47764743,0.01443215
Tuzet,wet,1.0,COBYLA,1,430.431915,6444.0,g1T,3.44826071,0.00831778,PrefT,-2.45834878,0.01598623
Tuzet,wet,1.0,dual_annealing,4,730.363827,1104430.0,g1T,3.08522868,0.0188881,PrefT,-2.55240226,0.05748073
Tuzet,wet,1.0,ampgo,7,782.062765,2969073.0,g1T,2.93125513,0.02108455,PrefT,-2.67677217,0.03405064
WUE-LWP,wet,1.0,differential_evolution,2,643.126031,37948.0,Lambda,1.29589048,0.01621808,,,
WUE-LWP,wet,1.0,basinhopping,4,667.443674,54237.0,Lambda,1.22256237,0.04386544,,,
WUE-LWP,wet,1.0,Nelder-Mead,7,1350.10178,358.0,Lambda,4.97227241,,,,
WUE-LWP,wet,1.0,Powell,5,669.412176,6802.0,Lambda,1.29412732,0.01660673,,,
WUE-LWP,wet,1.0,COBYLA,3,652.081434,3938.0,Lambda,1.31972628,0.0170102,,,
WUE-LWP,wet,1.0,dual_annealing,1,638.957014,363191.0,Lambda,1.27527434,0.01132854,,,
WUE-LWP,wet,1.0,ampgo,6,973.443557,678052.0,Lambda,1.63091753,0.0889676,,,
CAP,wet,2.0,differential_evolution,2,789.034119,253968.0,krlC,1.15456345,0.025193,PcritC,-5.42918894,0.09447043
CAP,wet,2.0,basinhopping,3,791.173322,5734784.0,krlC,1.85845466,0.31848656,PcritC,-3.23939927,0.55867869
CAP,wet,2.0,Nelder-Mead,5,794.801021,38896.0,krlC,1.8934232,,PcritC,-3.19026809,
CAP,wet,2.0,Powell,6,797.082181,20768.0,krlC,1.94108006,0.12005907,PcritC,-3.15348113,0.18336321
CAP,wet,2.0,COBYLA,7,809.367314,5280.0,krlC,1.54524677,0.05539251,PcritC,-3.88594169,0.14427076
CAP,wet,2.0,dual_annealing,1,787.346742,883696.0,krlC,3.34370514,0.06790562,PcritC,-1.82955363,0.02171297
CAP,wet,2.0,ampgo,4,792.846497,4661712.0,krlC,2.29345861,0.09417102,PcritC,-2.7877997,0.12038628
CGain,wet,2.0,differential_evolution,6,672.031297,32032.0,Kappa,6.58425052,0.15986102,,,
CGain,wet,2.0,basinhopping,4,664.403075,53328.0,Kappa,6.5577262,0.14740881,,,
CGain,wet,2.0,Nelder-Mead,3,660.800498,6512.0,Kappa,6.27631669,0.12663942,,,
CGain,wet,2.0,Powell,5,665.810413,15136.0,Kappa,7.1946085,0.17185139,,,
CGain,wet,2.0,COBYLA,7,679.288057,2992.0,Kappa,8.43999135,0.20721923,,,
CGain,wet,2.0,dual_annealing,1,647.318885,357456.0,Kappa,7.4679264,0.12727639,,,
CGain,wet,2.0,ampgo,2,649.044166,1009184.0,Kappa,7.4247775,1.12824821,,,
CMax,wet,2.0,differential_evolution,4,917.21866,95568.0,Alpha,1.93313696,,Beta,0.25734897,
CMax,wet,2.0,basinhopping,5,921.51223,71104.0,Alpha,2.36683333,,Beta,0.52727289,
CMax,wet,2.0,Nelder-Mead,3,915.404615,10384.0,Alpha,1.84278173,,Beta,1.18936998,
CMax,wet,2.0,Powell,6,922.943454,22528.0,Alpha,2.11910886,,Beta,6.2375079,
CMax,wet,2.0,COBYLA,1,890.050088,5280.0,Alpha,2.57059316,,Beta,0.98611388,
CMax,wet,2.0,dual_annealing,2,904.085874,707344.0,Alpha,2.31902186,,Beta,2.45532525,
CMax,wet,2.0,ampgo,7,1080.7796,1387584.0,Alpha,1.77189308,,Beta,7.32976498,
Eller,wet,2.0,differential_evolution,2,834.127642,25872.0,kmaxS1,0.31268816,0.00655041,,,
Eller,wet,2.0,basinhopping,4,834.127642,3515248.0,kmaxS1,0.34115944,0.00655041,,,
Eller,wet,2.0,Nelder-Mead,6,834.134281,4576.0,kmaxS1,0.31267985,0.00655042,,,
Eller,wet,2.0,Powell,5,834.134272,5456.0,kmaxS1,0.31269869,0.00655061,,,
Eller,wet,2.0,COBYLA,7,834.136109,3696.0,kmaxS1,0.31297294,0.00655342,,,
Eller,wet,2.0,dual_annealing,3,834.127642,356752.0,kmaxS1,0.32094873,0.00655041,,,
Eller,wet,2.0,ampgo,1,834.127642,687104.0,kmaxS1,0.31268817,0.00655041,,,
LeastCost,wet,2.0,differential_evolution,2,666.011163,317328.0,kmaxLC,0.447202,0.00653829,Eta,3.41175333,0.46741027
LeastCost,wet,2.0,basinhopping,5,690.768116,1742752.0,kmaxLC,0.46246499,0.00703639,Eta,3.95195368,0.50153013
LeastCost,wet,2.0,Nelder-Mead,3,671.669665,19536.0,kmaxLC,0.44819789,0.00406841,Eta,3.67916269,0.14125325
LeastCost,wet,2.0,Powell,7,973.832607,21296.0,kmaxLC,3.2749958,0.28384322,Eta,7.7750116,0.27260112
LeastCost,wet,2.0,COBYLA,6,846.563499,5808.0,kmaxLC,0.49021577,0.01232674,Eta,6.70761954,0.35901744
LeastCost,wet,2.0,dual_annealing,1,660.860499,1266496.0,kmaxLC,0.45126295,0.00408103,Eta,3.89564738,0.05282248
LeastCost,wet,2.0,ampgo,4,682.675893,3831696.0,kmaxLC,0.44174916,,Eta,4.53405736,
MES,wet,2.0,differential_evolution,1,806.963925,256080.0,krlM,2.14074459,0.14759812,PcritM,-1.8905422,0.12934616
MES,wet,2.0,basinhopping,3,811.52814,5932608.0,krlM,1.45079633,0.04286831,PcritM,-2.64856931,0.07342202
MES,wet,2.0,Nelder-Mead,7,835.931203,31680.0,krlM,1.22369975,0.07219144,PcritM,-3.17540525,0.17715377
MES,wet,2.0,Powell,5,820.038438,31680.0,krlM,1.26035619,0.03188366,PcritM,-3.2354415,0.07998634
MES,wet,2.0,COBYLA,4,814.680902,5280.0,krlM,1.22564951,,PcritM,-3.2745771,
MES,wet,2.0,dual_annealing,2,809.504794,1043152.0,krlM,1.79773122,0.02900118,PcritM,-2.1978038,0.00943166
MES,wet,2.0,ampgo,6,823.750399,2218128.0,krlM,0.91546858,,PcritM,-4.40855962,
ProfitMax,wet,2.0,differential_evolution,4,802.251016,96272.0,kmax,0.89033958,0.01265544,,,
ProfitMax,wet,2.0,basinhopping,3,801.850234,4089360.0,kmax,0.89071786,0.01292723,,,
ProfitMax,wet,2.0,Nelder-Mead,6,810.035676,13024.0,kmax,0.87418952,0.01241731,,,
ProfitMax,wet,2.0,Powell,1,798.119155,20592.0,kmax,0.88690157,0.01236427,,,
ProfitMax,wet,2.0,COBYLA,7,851.892972,3168.0,kmax,0.97014503,0.01404582,,,
ProfitMax,wet,2.0,dual_annealing,2,799.479766,428560.0,kmax,0.90877519,0.01285326,,,
ProfitMax,wet,2.0,ampgo,5,803.834326,2268640.0,kmax,0.96132054,0.01447535,,,
ProfitMax2,wet,2.0,differential_evolution,3,514.947365,88176.0,kmax2,1.91157499,0.01673014,,,
ProfitMax2,wet,2.0,basinhopping,5,518.399625,4141280.0,kmax2,1.91208873,0.01684045,,,
ProfitMax2,wet,2.0,Nelder-Mead,4,515.604623,14080.0,kmax2,1.89495367,0.01684164,,,
ProfitMax2,wet,2.0,Powell,6,527.460966,11968.0,kmax2,1.9117224,0.01747906,,,
ProfitMax2,wet,2.0,COBYLA,7,577.99676,3520.0,kmax2,2.05791167,0.02091247,,,
ProfitMax2,wet,2.0,dual_annealing,2,514.001644,483472.0,kmax2,1.92293796,0.01316254,,,
ProfitMax2,wet,2.0,ampgo,1,512.81735,1786400.0,kmax2,1.8537431,0.01628071,,,
SOX-OPT,wet,2.0,differential_evolution,2,790.094213,42592.0,kmaxS2,0.89968743,0.01246015,,,
SOX-OPT,wet,2.0,basinhopping,7,801.474295,53328.0,kmaxS2,0.9067964,0.01316814,,,
SOX-OPT,wet,2.0,Nelder-Mead,5,793.640461,7920.0,kmaxS2,0.89482875,0.01256947,,,
SOX-OPT,wet,2.0,Powell,4,793.427958,14432.0,kmaxS2,0.88979296,0.01261047,,,
SOX-OPT,wet,2.0,COBYLA,3,791.072153,4048.0,kmaxS2,0.87058259,0.01214764,,,
SOX-OPT,wet,2.0,dual_annealing,1,789.063812,355696.0,kmaxS2,0.92604993,0.01200927,,,
SOX-OPT,wet,2.0,ampgo,6,795.138319,1107392.0,kmaxS2,1.13126973,0.01247985,,,
Tuzet,wet,2.0,differential_evolution,5,733.973493,246048.0,g1T,2.97915412,0.02069976,PrefT,-2.72860604,0.07871656
Tuzet,wet,2.0,basinhopping,6,736.916713,6844992.0,g1T,2.9920761,0.00815323,PrefT,-2.59841245,0.0113313
Tuzet,wet,2.0,Nelder-Mead,1,457.747239,49808.0,g1T,3.28637147,0.00990879,PrefT,-2.61593185,0.01025831
Tuzet,wet,2.0,Powell,2,474.512339,36080.0,g1T,3.25622873,0.01059151,PrefT,-2.64886716,0.02262211
Tuzet,wet,2.0,COBYLA,3,640.709587,7744.0,g1T,3.09599886,0.3742909,PrefT,-3.0399169,0.99079529
Tuzet,wet,2.0,dual_annealing,4,733.43161,1108624.0,g1T,2.98334956,0.01798705,PrefT,-2.68351194,0.05992093
Tuzet,wet,2.0,ampgo,7,739.88955,4654848.0,g1T,2.96472051,0.02351087,PrefT,-2.58570075,0.01589981
WUE-LWP,wet,2.0,differential_evolution,2,646.576427,42592.0,Lambda,1.30283135,0.04659949,,,
WUE-LWP,wet,2.0,basinhopping,6,671.429114,53328.0,Lambda,1.34766539,0.05155051,,,
WUE-LWP,wet,2.0,Nelder-Mead,7,1329.23539,352.0,Lambda,4.97227241,,,,
WUE-LWP,wet,2.0,Powell,1,639.869568,15312.0,Lambda,1.37233156,0.0155688,,,
WUE-LWP,wet,2.0,COBYLA,3,647.221,3168.0,Lambda,1.35615832,0.01732684,,,
WUE-LWP,wet,2.0,dual_annealing,5,654.916457,355696.0,Lambda,1.34256601,0.01842865,,,
WUE-LWP,wet,2.0,ampgo,4,650.04699,992288.0,Lambda,1.96812639,,,,
CAP,wet,3.0,differential_evolution,1,802.289469,347634.0,krlC,2.08284165,0.17835484,PcritC,-2.95506595,0.25187568
CAP,wet,3.0,basinhopping,4,804.090617,5615900.0,krlC,2.70197265,0.45263196,PcritC,-2.22265122,0.36688733
CAP,wet,3.0,Nelder-Mead,7,812.831945,36134.0,krlC,2.01923243,,PcritC,-3.16246794,
CAP,wet,3.0,Powell,5,806.396712,36846.0,krlC,1.97776246,0.67178365,PcritC,-3.05035516,1.03812845
CAP,wet,3.0,COBYLA,3,803.95154,4984.0,krlC,1.39093225,0.04606289,PcritC,-4.37045222,0.14829212
CAP,wet,3.0,dual_annealing,2,803.424266,1165010.0,krlC,5.15254008,0.0846138,PcritC,-1.24298426,0.02292553
CAP,wet,3.0,ampgo,6,809.509279,4859934.0,krlC,1.89962476,0.09839704,PcritC,-3.21507251,0.17120227
CGain,wet,3.0,differential_evolution,1,696.758524,35066.0,Kappa,7.629664,0.23536032,,,
CGain,wet,3.0,basinhopping,4,709.822111,53934.0,Kappa,8.53327038,0.22859587,,,
CGain,wet,3.0,Nelder-Mead,2,696.792791,5518.0,Kappa,7.67718587,0.15805489,,,
CGain,wet,3.0,Powell,5,717.304448,15664.0,Kappa,6.31432013,0.15474615,,,
CGain,wet,3.0,COBYLA,3,702.553001,3204.0,Kappa,5.83826457,0.15292414,,,
CGain,wet,3.0,dual_annealing,7,727.837462,360806.0,Kappa,7.96028572,0.12110877,,,
CGain,wet,3.0,ampgo,6,719.875798,270560.0,Kappa,9.01901805,0.91600172,,,
CMax,wet,3.0,differential_evolution,4,938.707497,101994.0,Alpha,2.27272045,,Beta,7.3760388,
CMax,wet,3.0,basinhopping,1,915.064414,71912.0,Alpha,2.69961539,,Beta,1.14771067,
CMax,wet,3.0,Nelder-Mead,5,948.742078,9968.0,Alpha,2.45807212,,Beta,1.12999493,
CMax,wet,3.0,Powell,2,916.246685,12282.0,Alpha,2.00584651,,Beta,0.45630365,
CMax,wet,3.0,COBYLA,6,954.629343,4984.0,Alpha,1.69731478,,Beta,0.98611388,
CMax,wet,3.0,dual_annealing,3,927.610354,716450.0,Alpha,2.64823503,,Beta,4.11079644,
CMax,wet,3.0,ampgo,7,986.393836,1216986.0,Alpha,2.91088173,,Beta,0.10312777,
Eller,wet,3.0,differential_evolution,1,886.220675,31150.0,kmaxS1,0.31965076,0.00741651,,,
Eller,wet,3.0,basinhopping,2,886.220675,3875950.0,kmaxS1,0.31663985,0.00741651,,,
Eller,wet,3.0,Nelder-Mead,6,886.229104,5696.0,kmaxS1,0.31966365,0.00741681,,,
Eller,wet,3.0,Powell,5,886.229104,5696.0,kmaxS1,0.31966144,0.00741679,,,
Eller,wet,3.0,COBYLA,7,886.231032,3738.0,kmaxS1,0.31997935,0.0074204,,,
Eller,wet,3.0,dual_annealing,3,886.220675,361518.0,kmaxS1,0.3280625,0.00741651,,,
Eller,wet,3.0,ampgo,4,886.220675,778572.0,kmaxS1,0.26151464,0.00741652,,,
LeastCost,wet,3.0,differential_evolution,1,700.52953,288894.0,kmaxLC,0.43178387,0.02171388,Eta,3.58367647,1.22946102
LeastCost,wet,3.0,basinhopping,4,716.401157,5077806.0,kmaxLC,0.43046476,,Eta,3.76725421,
LeastCost,wet,3.0,Nelder-Mead,2,706.161245,20648.0,kmaxLC,0.42850614,0.00564454,Eta,3.55364189,0.13242562
LeastCost,wet,3.0,Powell,7,975.011303,65504.0,kmaxLC,10.1600071,0.40968761,Eta,6.62512036,0.14327312
LeastCost,wet,3.0,COBYLA,6,723.357791,6408.0,kmaxLC,0.43720135,0.00651947,Eta,3.98448316,0.12160177
LeastCost,wet,3.0,dual_annealing,3,707.486555,1377008.0,kmaxLC,0.44389154,0.00564379,Eta,3.7182581,0.11299867
LeastCost,wet,3.0,ampgo,5,718.062259,5059650.0,kmaxLC,0.43453153,,Eta,3.21221035,0.00584292
MES,wet,3.0,differential_evolution,1,841.86523,198114.0,krlM,1.43380029,,PcritM,-2.64152898,
MES,wet,3.0,basinhopping,5,858.178357,6010704.0,krlM,0.90419766,,PcritM,-4.37725404,
MES,wet,3.0,Nelder-Mead,7,875.151209,31150.0,krlM,1.22210712,,PcritM,-3.17563868,
MES,wet,3.0,Powell,4,856.484569,32574.0,krlM,1.22350405,0.0347062,PcritM,-3.23825632,0.08777675
MES,wet,3.0,COBYLA,6,859.420824,5518.0,krlM,1.16860915,,PcritM,-3.25606436,
MES,wet,3.0,dual_annealing,2,846.820493,1025636.0,krlM,1.13503624,0.01955189,PcritM,-3.30255228,0.01269429
MES,wet,3.0,ampgo,3,854.125565,3754554.0,krlM,1.41698523,,PcritM,-2.69408422,
ProfitMax,wet,3.0,differential_evolution,1,850.070769,89712.0,kmax,0.88805953,0.01354186,,,
ProfitMax,wet,3.0,basinhopping,2,850.073869,4876666.0,kmax,0.93654045,0.01338806,,,
ProfitMax,wet,3.0,Nelder-Mead,4,850.078441,12994.0,kmax,0.8880386,0.01279508,,,
ProfitMax,wet,3.0,Powell,5,868.497384,9612.0,kmax,0.83523802,0.01387388,,,
ProfitMax,wet,3.0,COBYLA,7,893.889915,3738.0,kmax,0.79915068,0.01373221,,,
ProfitMax,wet,3.0,dual_annealing,3,850.077527,528482.0,kmax,0.90546743,0.01247843,,,
ProfitMax,wet,3.0,ampgo,6,876.671908,1768608.0,kmax,0.89872044,0.01333467,,,
ProfitMax2,wet,3.0,differential_evolution,5,536.602985,55536.0,kmax2,1.90699052,0.01668115,,,
ProfitMax2,wet,3.0,basinhopping,2,523.352408,4415646.0,kmax2,1.92744552,0.01617552,,,
ProfitMax2,wet,3.0,Nelder-Mead,4,534.895248,14240.0,kmax2,2.02863336,0.01801084,,,
ProfitMax2,wet,3.0,Powell,3,529.800755,23852.0,kmax2,2.00620438,0.01817585,,,
ProfitMax2,wet,3.0,COBYLA,7,546.989989,3916.0,kmax2,1.95194975,0.0175165,,,
ProfitMax2,wet,3.0,dual_annealing,1,519.338396,413850.0,kmax2,1.95461306,0.01545599,,,
ProfitMax2,wet,3.0,ampgo,6,542.013727,2669288.0,kmax2,2.13806713,0.02785649,,,
SOX-OPT,wet,3.0,differential_evolution,1,838.241613,51086.0,kmaxS2,0.86570689,0.01316277,,,
SOX-OPT,wet,3.0,basinhopping,7,845.03946,56070.0,kmaxS2,0.8553392,0.01348164,,,
SOX-OPT,wet,3.0,Nelder-Mead,2,838.241613,7120.0,kmaxS2,0.86570694,0.01316277,,,
SOX-OPT,wet,3.0,Powell,5,842.111661,15664.0,kmaxS2,0.85308122,0.01309762,,,
SOX-OPT,wet,3.0,COBYLA,6,843.456098,3382.0,kmaxS2,0.84217848,0.01352043,,,
SOX-OPT,wet,3.0,dual_annealing,3,841.033477,360450.0,kmaxS2,0.8821516,0.01345784,,,
SOX-OPT,wet,3.0,ampgo,4,841.947968,1521544.0,kmaxS2,1.06342797,0.01352018,,,
Tuzet,wet,3.0,differential_evolution,5,746.282101,153258.0,g1T,3.07268271,0.01992361,PrefT,-2.70286151,0.11088684
Tuzet,wet,3.0,basinhopping,6,749.595627,6951612.0,g1T,3.05574942,0.00860525,PrefT,-2.78363047,0.01189414
Tuzet,wet,3.0,Nelder-Mead,2,473.998582,42186.0,g1T,3.31222797,0.01034833,PrefT,-2.5134987,0.01464428
Tuzet,wet,3.0,Powell,1,457.794832,106088.0,g1T,3.35425859,0.00907568,PrefT,-2.5540665,0.01416985
Tuzet,wet,3.0,COBYLA,3,505.086891,9078.0,g1T,3.28743083,0.00974756,PrefT,-2.65953944,0.01804204
Tuzet,wet,3.0,dual_annealing,4,745.957553,1029374.0,g1T,3.07623704,0.02071661,PrefT,-2.68490234,0.05631528
Tuzet,wet,3.0,ampgo,7,757.894925,4835904.0,g1T,3.00640142,0.02858831,PrefT,-2.91041442,0.02317495
WUE-LWP,wet,3.0,differential_evolution,4,649.765883,35066.0,Lambda,1.19590825,0.04083243,,,
WUE-LWP,wet,3.0,basinhopping,6,676.837751,56070.0,Lambda,1.21599801,0.04492166,,,
WUE-LWP,wet,3.0,Nelder-Mead,7,1341.00289,356.0,Lambda,4.97227241,,,,
WUE-LWP,wet,3.0,Powell,3,648.139593,13528.0,Lambda,1.28197593,0.0157804,,,
WUE-LWP,wet,3.0,COBYLA,1,642.557055,3916.0,Lambda,1.31314784,0.01571316,,,
WUE-LWP,wet,3.0,dual_annealing,2,643.771743,361518.0,Lambda,1.26481592,0.01433688,,,
WUE-LWP,wet,3.0,ampgo,5,652.387186,1107516.0,Lambda,1.85942449,0.03135107,,,
CAP,inter,0.0,differential_evolution,2,3242.43487,620574.0,krlC,6.20871014,0.07443877,PcritC,-0.89588896,0.00395749
CAP,inter,0.0,basinhopping,3,3254.26055,16899522.0,krlC,6.25587034,0.06748814,PcritC,-0.8894416,0.00394094
CAP,inter,0.0,Nelder-Mead,6,3629.32191,159556.0,krlC,1.52407463,,PcritC,-3.16910191,
CAP,inter,0.0,Powell,5,3625.05346,131316.0,krlC,1.55999529,0.06856471,PcritC,-3.12674041,0.12147189
CAP,inter,0.0,COBYLA,7,3647.91302,19768.0,krlC,1.34959488,0.0445913,PcritC,-3.599877,0.10579844
CAP,inter,0.0,dual_annealing,1,3237.14813,4434386.0,krlC,6.22857406,,PcritC,-0.89433671,0.00473568
CAP,inter,0.0,ampgo,4,3296.12497,16965180.0,krlC,6.37741606,0.09975066,PcritC,-0.86248048,0.00883951
CGain,inter,0.0,differential_evolution,7,3473.67323,64952.0,Kappa,6.3819356,0.17317105,,,
CGain,inter,0.0,basinhopping,1,3436.152,213918.0,Kappa,8.06959166,0.18269402,,,
CGain,inter,0.0,Nelder-Mead,4,3451.05915,24710.0,Kappa,7.22496733,0.12414896,,,
CGain,inter,0.0,Powell,3,3442.2797,83308.0,Kappa,7.29511,0.16423489,,,
CGain,inter,0.0,COBYLA,6,3471.82412,13414.0,Kappa,6.2776287,0.14588326,,,
CGain,inter,0.0,dual_annealing,2,3441.3231,1424002.0,Kappa,7.41222304,0.14665751,,,
CGain,inter,0.0,ampgo,5,3467.89056,6030652.0,Kappa,7.15305539,0.50136387,,,
CMax,inter,0.0,differential_evolution,4,3999.77248,235098.0,Alpha,2.18485087,,Beta,2.75113913,
CMax,inter,0.0,basinhopping,1,3954.07156,285224.0,Alpha,2.4426423,,Beta,1.80208645,
CMax,inter,0.0,Nelder-Mead,5,4011.39462,49420.0,Alpha,2.30749847,,Beta,1.14343888,
CMax,inter,0.0,Powell,3,3974.5024,93192.0,Alpha,2.23200004,,Beta,7.60186136,
CMax,inter,0.0,COBYLA,6,4057.20013,26122.0,Alpha,2.12896851,,Beta,0.96869936,
CMax,inter,0.0,dual_annealing,2,3966.01053,2843768.0,Alpha,2.29412008,0.02724145,Beta,3.16366225,
CMax,inter,0.0,ampgo,7,5351.8275,4956120.0,Alpha,3.25466083,3.62145579,Beta,0.89467762,
Eller,inter,0.0,differential_evolution,4,3661.3769,91780.0,kmaxS1,0.25923292,0.00391793,,,
Eller,inter,0.0,basinhopping,5,3661.3769,13984448.0,kmaxS1,0.28510191,0.00391793,,,
Eller,inter,0.0,Nelder-Mead,2,3661.3769,22592.0,kmaxS1,0.2592349,0.00391795,,,
Eller,inter,0.0,Powell,3,3661.3769,21180.0,kmaxS1,0.25923294,0.00391793,,,
Eller,inter,0.0,COBYLA,7,3661.38171,14826.0,kmaxS1,0.2848233,0.00391603,,,
Eller,inter,0.0,dual_annealing,1,3661.3769,1431062.0,kmaxS1,0.26626779,0.00391793,,,
Eller,inter,0.0,ampgo,6,3661.3769,3110636.0,kmaxS1,0.28510193,0.00391793,,,
LeastCost,inter,0.0,differential_evolution,2,3567.28435,425718.0,kmaxLC,0.37203138,0.00405253,Eta,4.83488349,0.20359661
LeastCost,inter,0.0,basinhopping,3,3572.30957,24193208.0,kmaxLC,0.37319317,0.00395095,Eta,4.68373202,0.19838296
LeastCost,inter,0.0,Nelder-Mead,5,3575.48799,93898.0,kmaxLC,0.3799352,0.0041749,Eta,4.40890366,0.18757503
LeastCost,inter,0.0,Powell,6,4109.1395,269692.0,kmaxLC,2.76915615,0.19894489,Eta,11.3334992,0.23184433
LeastCost,inter,0.0,COBYLA,7,4116.85601,27534.0,kmaxLC,4.59203417,0.38084088,Eta,10.3220349,0.27075034
LeastCost,inter,0.0,dual_annealing,1,3563.8083,4216232.0,kmaxLC,0.36808743,0.00390271,Eta,4.78876369,0.09433005
LeastCost,inter,0.0,ampgo,4,3574.81289,21631134.0,kmaxLC,0.36960966,,Eta,4.05369081,
MES,inter,0.0,differential_evolution,1,3330.01756,595158.0,krlM,3.94369896,0.08627433,PcritM,-0.90190371,0.01516479
MES,inter,0.0,basinhopping,3,3346.66923,15430336.0,krlM,5.29174755,0.06411678,PcritM,-0.68698998,0.00464744
MES,inter,0.0,Nelder-Mead,6,3767.17803,168028.0,krlM,1.03060268,,PcritM,-3.14494055,
MES,inter,0.0,Powell,7,3767.99003,146142.0,krlM,1.0306419,0.01374527,PcritM,-3.14630383,0.04002762
MES,inter,0.0,COBYLA,5,3670.75178,23298.0,krlM,0.97363827,0.01244515,PcritM,-3.29696494,0.01003413
MES,inter,0.0,dual_annealing,2,3334.99457,4161164.0,krlM,3.99342185,0.06513912,PcritM,-0.89706852,0.01096799
MES,inter,0.0,ampgo,4,3373.35922,14192718.0,krlM,4.63027411,0.0483087,PcritM,-0.83289505,2.7918e-05
ProfitMax,inter,0.0,differential_evolution,4,3654.12661,242864.0,kmax,0.72163739,0.0081289,,,
ProfitMax,inter,0.0,basinhopping,2,3641.80337,19172842.0,kmax,0.77862156,0.00806567,,,
ProfitMax,inter,0.0,Nelder-Mead,1,3641.77984,39536.0,kmax,0.7345595,0.00824413,,,
ProfitMax,inter,0.0,Powell,5,3654.67167,60716.0,kmax,0.750543,0.00799205,,,
ProfitMax,inter,0.0,COBYLA,6,3672.72684,15532.0,kmax,0.71180423,0.0084758,,,
ProfitMax,inter,0.0,dual_annealing,3,3642.01286,1707814.0,kmax,0.74996114,0.00604101,,,
ProfitMax,inter,0.0,ampgo,7,3732.23515,5128384.0,kmax,0.71047936,0.00833215,,,
ProfitMax2,inter,0.0,differential_evolution,4,3484.58163,124962.0,kmax2,1.50662833,0.02005484,,,
ProfitMax2,inter,0.0,basinhopping,3,3477.93756,16437798.0,kmax2,1.46958296,0.01958583,,,
ProfitMax2,inter,0.0,Nelder-Mead,1,3473.33457,54362.0,kmax2,1.53135556,0.02001796,,,
ProfitMax2,inter,0.0,Powell,5,3493.96648,64952.0,kmax2,1.54510989,0.02027363,,,
ProfitMax2,inter,0.0,COBYLA,6,3496.86616,12708.0,kmax2,1.55395619,0.02016801,,,
ProfitMax2,inter,0.0,dual_annealing,2,3473.86914,1665454.0,kmax2,1.49642662,0.01877041,,,
ProfitMax2,inter,0.0,ampgo,7,3564.65657,10883696.0,kmax2,1.66720785,0.02217279,,,
SOX-OPT,inter,0.0,differential_evolution,6,3620.57817,75542.0,kmaxS2,0.72579414,0.00826278,,,
SOX-OPT,inter,0.0,basinhopping,5,3620.01243,321936.0,kmaxS2,0.7461441,0.00823021,,,
SOX-OPT,inter,0.0,Nelder-Mead,1,3613.10427,31064.0,kmaxS2,0.74041323,0.00817752,,,
SOX-OPT,inter,0.0,Powell,3,3614.27971,52244.0,kmaxS2,0.73522928,0.00820603,,,
SOX-OPT,inter,0.0,COBYLA,7,3625.2398,14120.0,kmaxS2,0.72152094,0.00824669,,,
SOX-OPT,inter,0.0,dual_annealing,2,3613.10427,1426826.0,kmaxS2,0.75589709,0.00770878,,,
SOX-OPT,inter,0.0,ampgo,4,3614.27971,5842856.0,kmaxS2,0.627761,0.00819911,,,
Tuzet,inter,0.0,differential_evolution,6,3388.69792,535854.0,g1T,3.00699194,0.01518307,PrefT,-2.33489147,0.02197633
Tuzet,inter,0.0,basinhopping,3,3370.83639,17161448.0,g1T,3.0542173,0.01416657,PrefT,-2.24339288,0.01815446
Tuzet,inter,0.0,Nelder-Mead,4,3382.8157,158850.0,g1T,3.02489212,0.01532725,PrefT,-2.3239399,0.0206314
Tuzet,inter,0.0,Powell,5,3383.35988,218154.0,g1T,3.02235441,0.0152712,PrefT,-2.31506082,0.01865753
Tuzet,inter,0.0,COBYLA,7,3405.54118,40948.0,g1T,2.98105763,0.01409096,PrefT,-2.37584437,0.01856122
Tuzet,inter,0.0,dual_annealing,1,3364.77073,4139984.0,g1T,3.05458831,0.01430181,PrefT,-2.23332691,0.01709197
Tuzet,inter,0.0,ampgo,2,3370.3057,20690742.0,g1T,3.01287622,,PrefT,-2.29370536,
WUE-LWP,inter,0.0,differential_evolution,2,3691.60294,86132.0,Lambda,1.81130228,0.02650288,,,
WUE-LWP,inter,0.0,basinhopping,5,3706.27546,213918.0,Lambda,1.81463418,0.02796641,,,
WUE-LWP,inter,0.0,Nelder-Mead,7,4981.21099,1412.0,Lambda,4.97227241,0.28471983,,,
WUE-LWP,inter,0.0,Powell,4,3701.60392,44478.0,Lambda,1.77511649,0.02621237,,,
WUE-LWP,inter,0.0,COBYLA,3,3701.49654,16944.0,Lambda,1.76754438,0.02629223,,,
WUE-LWP,inter,0.0,dual_annealing,1,3691.57624,1432474.0,Lambda,1.81951962,0.02524216,,,
WUE-LWP,inter,0.0,ampgo,6,4707.69544,2640440.0,Lambda,3.75958658,0.24105587,,,
CAP,inter,1.0,differential_evolution,2,879.627279,220707.0,krlC,1.24103476,0.06986452,PcritC,-4.80350411,0.29542798
CAP,inter,1.0,basinhopping,3,880.011938,6160822.0,krlC,1.4175982,0.04889002,PcritC,-4.07976135,0.1579436
CAP,inter,1.0,Nelder-Mead,6,887.465884,55848.0,krlC,1.68036118,0.12062473,PcritC,-3.17425604,0.22380129
CAP,inter,1.0,Powell,5,883.705369,21122.0,krlC,1.86809382,0.55120141,PcritC,-3.16904137,0.95076618
CAP,inter,1.0,COBYLA,7,888.514817,6086.0,krlC,1.42711441,0.11874109,PcritC,-3.98468109,0.33446397
CAP,inter,1.0,dual_annealing,4,882.834065,1017436.0,krlC,1.13924864,0.02899605,PcritC,-4.9150473,0.10339245
CAP,inter,1.0,ampgo,1,875.165067,4941474.0,krlC,1.89444988,,PcritC,-3.0022365,
CGain,inter,1.0,differential_evolution,3,732.469407,24523.0,Kappa,5.81411134,0.13229856,,,
CGain,inter,1.0,basinhopping,4,735.812256,54237.0,Kappa,7.8935627,0.22295008,,,
CGain,inter,1.0,Nelder-Mead,6,744.413542,4833.0,Kappa,7.08623779,0.20088075,,,
CGain,inter,1.0,Powell,5,736.606659,8592.0,Kappa,5.82051148,0.19485652,,,
CGain,inter,1.0,COBYLA,7,747.022733,2864.0,Kappa,5.88534851,0.1884718,,,
CGain,inter,1.0,dual_annealing,1,710.604237,360685.0,Kappa,7.46066547,0.13140865,,,
CGain,inter,1.0,ampgo,2,721.269426,772206.0,Kappa,5.3126101,0.40485084,,,
CMax,inter,1.0,differential_evolution,4,922.445421,75717.0,Alpha,2.07851271,,Beta,7.36090228,
CMax,inter,1.0,basinhopping,2,913.486784,72316.0,Alpha,2.60230421,,Beta,0.2153611,
CMax,inter,1.0,Nelder-Mead,5,950.837925,11277.0,Alpha,2.14589652,,Beta,1.14378457,
CMax,inter,1.0,Powell,3,922.444764,17363.0,Alpha,2.07965807,,Beta,6.2375079,
CMax,inter,1.0,COBYLA,7,976.27999,5370.0,Alpha,2.06147134,,Beta,0.98611388,
CMax,inter,1.0,dual_annealing,1,904.185292,721549.0,Alpha,2.49904229,,Beta,2.75367343,
CMax,inter,1.0,ampgo,6,959.705845,728172.0,Alpha,2.60620693,,Beta,4.45940527,
Eller,inter,1.0,differential_evolution,2,905.804534,30072.0,kmaxS1,0.3027969,0.00757881,,,
Eller,inter,1.0,basinhopping,1,905.804534,3854228.0,kmaxS1,0.30279691,0.00757881,,,
Eller,inter,1.0,Nelder-Mead,4,905.804534,5728.0,kmaxS1,0.30279877,0.00757883,,,
Eller,inter,1.0,Powell,3,905.804534,5370.0,kmaxS1,0.30279666,0.0075788,,,
Eller,inter,1.0,COBYLA,7,905.8047,3580.0,kmaxS1,0.30270151,0.00757766,,,
Eller,inter,1.0,dual_annealing,5,905.804534,362475.0,kmaxS1,0.31083961,0.00757881,,,
Eller,inter,1.0,ampgo,6,905.804534,822326.0,kmaxS1,0.35115092,0.00757881,,,
LeastCost,inter,1.0,differential_evolution,1,718.537631,364623.0,kmaxLC,0.43260349,0.00555395,Eta,3.98309053,0.14228818
LeastCost,inter,1.0,basinhopping,4,731.533653,5579788.0,kmaxLC,0.43081387,0.00611509,Eta,3.73186439,0.14504789
LeastCost,inter,1.0,Nelder-Mead,3,727.053045,22554.0,kmaxLC,0.42479985,0.00572596,Eta,4.15249584,0.15715025
LeastCost,inter,1.0,Powell,7,854.224479,52447.0,kmaxLC,0.44931637,0.00974389,Eta,6.49783071,0.33159301
LeastCost,inter,1.0,COBYLA,6,824.474811,5012.0,kmaxLC,0.44178337,0.00911114,Eta,5.82553705,0.30893418
LeastCost,inter,1.0,dual_annealing,2,725.90167,1038379.0,kmaxLC,0.44161518,0.00624159,Eta,4.14373415,0.09385427
LeastCost,inter,1.0,ampgo,5,752.072744,5205141.0,kmaxLC,0.46034915,,Eta,5.12130973,
MES,inter,1.0,differential_evolution,1,854.937464,233595.0,krlM,1.13678295,,PcritM,-3.27595349,
MES,inter,1.0,basinhopping,4,862.10402,5883551.0,krlM,1.12256918,,PcritM,-3.27339089,
MES,inter,1.0,Nelder-Mead,7,877.755463,29177.0,krlM,1.13404577,0.03078794,PcritM,-3.20054309,0.08747445
MES,inter,1.0,Powell,2,854.964296,25060.0,krlM,1.13676615,,PcritM,-3.27217852,
MES,inter,1.0,COBYLA,6,868.961884,5191.0,krlM,1.08807076,,PcritM,-3.2667607,
MES,inter,1.0,dual_annealing,3,861.128476,1077043.0,krlM,1.867261,0.04386041,PcritM,-1.8946961,0.03641321
MES,inter,1.0,ampgo,5,867.917052,3640323.0,krlM,1.60172411,0.06078319,PcritM,-2.27102349,0.0764818
ProfitMax,inter,1.0,differential_evolution,3,862.012003,71958.0,kmax,0.79715281,0.01258883,,,
ProfitMax,inter,1.0,basinhopping,4,863.302459,4693559.0,kmax,0.87589187,0.01333351,,,
ProfitMax,inter,1.0,Nelder-Mead,5,873.713599,13962.0,kmax,0.83104803,0.01344267,,,
ProfitMax,inter,1.0,Powell,2,862.011399,27566.0,kmax,0.7971543,0.01260868,,,
ProfitMax,inter,1.0,COBYLA,7,906.7204,3759.0,kmax,0.75790315,0.01461699,,,
ProfitMax,inter,1.0,dual_annealing,1,860.306818,454839.0,kmax,0.86949732,0.01234889,,,
ProfitMax,inter,1.0,ampgo,6,892.542489,912184.0,kmax,0.91455828,0.01464713,,,
ProfitMax2,inter,1.0,differential_evolution,2,582.142236,66409.0,kmax2,1.8565815,0.019162,,,
ProfitMax2,inter,1.0,basinhopping,3,582.142578,4475895.0,kmax2,1.85657174,0.01915688,,,
ProfitMax2,inter,1.0,Nelder-Mead,5,613.149414,14499.0,kmax2,1.74405707,0.02014324,,,
ProfitMax2,inter,1.0,Powell,4,590.79594,16289.0,kmax2,1.84756307,0.02058748,,,
ProfitMax2,inter,1.0,COBYLA,6,614.096018,3580.0,kmax2,1.83668644,0.02054861,,,
ProfitMax2,inter,1.0,dual_annealing,1,576.441514,396843.0,kmax2,1.90110547,0.01910502,,,
ProfitMax2,inter,1.0,ampgo,7,622.368906,2779512.0,kmax2,2.17784782,0.02250293,,,
SOX-OPT,inter,1.0,differential_evolution,3,851.197179,32578.0,kmaxS2,0.81925077,0.01337319,,,
SOX-OPT,inter,1.0,basinhopping,4,852.198616,117245.0,kmaxS2,0.81527814,0.01338715,,,
SOX-OPT,inter,1.0,Nelder-Mead,5,853.129766,6802.0,kmaxS2,0.83032147,0.01357401,,,
SOX-OPT,inter,1.0,Powell,6,854.686166,18616.0,kmaxS2,0.79608489,0.01346901,,,
SOX-OPT,inter,1.0,COBYLA,7,854.787314,3222.0,kmaxS2,0.83942421,0.01352669,,,
SOX-OPT,inter,1.0,dual_annealing,2,850.585084,361401.0,kmaxS2,0.82014523,0.01242612,,,
SOX-OPT,inter,1.0,ampgo,1,849.997332,1749188.0,kmaxS2,0.67260538,0.01326893,,,
Tuzet,inter,1.0,differential_evolution,5,515.684686,235206.0,g1T,3.37684555,0.01061209,PrefT,-2.37214378,0.00910813
Tuzet,inter,1.0,basinhopping,1,515.277758,6812382.0,g1T,3.37987466,0.01058895,PrefT,-2.33501362,0.00940188
Tuzet,inter,1.0,Nelder-Mead,6,525.903481,33473.0,g1T,3.32890497,0.01102249,PrefT,-2.4327558,0.01605063
Tuzet,inter,1.0,Powell,4,515.505617,50657.0,g1T,3.37573458,0.01052201,PrefT,-2.37327082,0.0098782
Tuzet,inter,1.0,COBYLA,7,532.560027,6086.0,g1T,3.3231826,0.01488386,PrefT,-2.47472525,0.0193429
Tuzet,inter,1.0,dual_annealing,2,515.301906,827875.0,g1T,3.38257486,0.00873826,PrefT,-2.36084539,0.00972038
Tuzet,inter,1.0,ampgo,3,515.309444,4279353.0,g1T,3.37976574,0.01206313,PrefT,-2.44430069,0.1965706
WUE-LWP,inter,1.0,differential_evolution,2,708.820598,27208.0,Lambda,1.4557738,0.02128737,,,
WUE-LWP,inter,1.0,basinhopping,4,712.073825,54237.0,Lambda,1.39576965,0.0215115,,,
WUE-LWP,inter,1.0,Nelder-Mead,7,1326.63584,358.0,Lambda,4.97227241,,,,
WUE-LWP,inter,1.0,Powell,3,709.533843,12888.0,Lambda,1.42531976,0.02254464,,,
WUE-LWP,inter,1.0,COBYLA,1,685.844698,4296.0,Lambda,1.40075367,0.01684045,,,
WUE-LWP,inter,1.0,dual_annealing,5,716.982532,360685.0,Lambda,1.48676771,0.02339432,,,
WUE-LWP,inter,1.0,ampgo,6,1046.73705,811228.0,Lambda,2.5272374,0.09559452,,,
CAP,inter,2.0,differential_evolution,1,774.001424,227568.0,krlC,6.49038997,0.18884282,PcritC,-0.82149734,0.0207929
CAP,inter,2.0,basinhopping,4,785.342446,4721552.0,krlC,6.68211548,,PcritC,-0.86303021,
CAP,inter,2.0,Nelder-Mead,6,875.53769,39952.0,krlC,1.56020433,0.12533206,PcritC,-3.1639538,0.23125691
CAP,inter,2.0,Powell,5,869.17845,19888.0,krlC,1.51081975,0.09363057,PcritC,-3.13619319,0.17184066
CAP,inter,2.0,COBYLA,7,881.094759,5632.0,krlC,1.36784388,0.06267866,PcritC,-3.61258076,0.14451354
CAP,inter,2.0,dual_annealing,2,775.084181,1125520.0,krlC,6.49483443,0.21917154,PcritC,-0.81767906,0.02022079
CAP,inter,2.0,ampgo,3,781.150243,3406656.0,krlC,6.95091037,,PcritC,-0.77672658,
CGain,inter,2.0,differential_evolution,2,824.596647,21472.0,Kappa,6.73689263,0.22632449,,,
CGain,inter,2.0,basinhopping,1,818.336646,53328.0,Kappa,7.28027143,0.25873396,,,
CGain,inter,2.0,Nelder-Mead,5,829.017474,5280.0,Kappa,8.03306274,0.36522868,,,
CGain,inter,2.0,Powell,3,826.748241,8976.0,Kappa,6.89956644,0.21500076,,,
CGain,inter,2.0,COBYLA,6,830.509063,2992.0,Kappa,6.97888371,0.28898868,,,
CGain,inter,2.0,dual_annealing,4,827.084453,354288.0,Kappa,7.64865653,0.2624669,,,
CGain,inter,2.0,ampgo,7,843.494447,1482976.0,Kappa,5.15123602,0.64247283,,,
CMax,inter,2.0,differential_evolution,5,987.805293,63888.0,Alpha,2.15043112,,Beta,0.1696641,
CMax,inter,2.0,basinhopping,1,978.364918,71104.0,Alpha,2.31191202,,Beta,1.60097824,
CMax,inter,2.0,Nelder-Mead,2,980.034915,11792.0,Alpha,2.43843952,,Beta,1.13171437,
CMax,inter,2.0,Powell,6,988.347159,22528.0,Alpha,2.15134436,,Beta,0.70239385,
CMax,inter,2.0,COBYLA,4,986.705177,5808.0,Alpha,1.69186582,,Beta,1.01958795,
CMax,inter,2.0,dual_annealing,3,984.787648,707872.0,Alpha,2.05654422,,Beta,3.62152335,
CMax,inter,2.0,ampgo,7,993.876604,452496.0,Alpha,2.01613714,,Beta,3.93024851,
Eller,inter,2.0,differential_evolution,1,880.668876,32736.0,kmaxS1,0.2532852,0.00704513,,,
Eller,inter,2.0,basinhopping,2,880.668876,3112032.0,kmaxS1,0.2532852,0.00704513,,,
Eller,inter,2.0,Nelder-Mead,6,880.668877,5280.0,kmaxS1,0.25328268,0.0070451,,,
Eller,inter,2.0,Powell,3,880.668876,5280.0,kmaxS1,0.25328521,0.00704513,,,
Eller,inter,2.0,COBYLA,7,880.670438,3872.0,kmaxS1,0.27913399,0.00704876,,,
Eller,inter,2.0,dual_annealing,4,880.668876,358160.0,kmaxS1,0.26017568,0.00704513,,,
Eller,inter,2.0,ampgo,5,880.668876,303072.0,kmaxS1,0.13855369,0.01030104,,,
LeastCost,inter,2.0,differential_evolution,2,859.464611,127248.0,kmaxLC,0.37793722,0.00703251,Eta,4.63392494,0.31880646
LeastCost,inter,2.0,basinhopping,3,861.307252,5892480.0,kmaxLC,0.3740397,0.00691023,Eta,4.34154601,0.32849122
LeastCost,inter,2.0,Nelder-Mead,4,861.531928,19184.0,kmaxLC,0.38393364,0.00829169,Eta,5.59518222,0.43348581
LeastCost,inter,2.0,Powell,6,1014.09913,38368.0,kmaxLC,2.0223592,0.15982061,Eta,13.3192487,0.49718001
LeastCost,inter,2.0,COBYLA,7,1015.81407,5632.0,kmaxLC,3.89928346,0.91254719,Eta,13.429449,0.40745191
LeastCost,inter,2.0,dual_annealing,1,857.917727,1163536.0,kmaxLC,0.38202963,0.00724925,Eta,4.83733675,0.24064635
LeastCost,inter,2.0,ampgo,5,863.54917,5608416.0,kmaxLC,0.38053239,0.00724819,Eta,4.91712523,0.41688831
MES,inter,2.0,differential_evolution,1,802.603257,210672.0,krlM,4.91683743,0.09395001,PcritM,-0.73779488,0.00325671
MES,inter,2.0,basinhopping,4,815.87444,4561920.0,krlM,4.86127703,0.10735884,PcritM,-0.74455976,0.00747596
MES,inter,2.0,Nelder-Mead,7,917.467685,32032.0,krlM,1.06182052,0.03918879,PcritM,-3.16308366,0.0808825
MES,inter,2.0,Powell,5,891.147737,20768.0,krlM,1.01888209,0.01286073,PcritM,-3.29046022,
MES,inter,2.0,COBYLA,6,901.576084,5104.0,krlM,1.00315851,0.02745213,PcritM,-3.23440112,0.03919984
MES,inter,2.0,dual_annealing,2,803.344194,810832.0,krlM,4.78900433,0.09349301,PcritM,-0.74767513,0.00748526
MES,inter,2.0,ampgo,3,814.260721,3658512.0,krlM,4.94515512,0.12676847,PcritM,-0.77505565,0.01315914
ProfitMax,inter,2.0,differential_evolution,2,866.78616,57552.0,kmax,0.74787714,0.01488557,,,
ProfitMax,inter,2.0,basinhopping,3,867.731507,4296512.0,kmax,0.79232734,0.01486377,,,
ProfitMax,inter,2.0,Nelder-Mead,5,882.694341,12496.0,kmax,0.77879251,0.01586146,,,
ProfitMax,inter,2.0,Powell,1,866.785873,20768.0,kmax,0.74788103,0.01488913,,,
ProfitMax,inter,2.0,COBYLA,6,887.803224,3696.0,kmax,0.75124456,0.01512185,,,
ProfitMax,inter,2.0,dual_annealing,4,874.301566,485584.0,kmax,0.77983749,0.01474709,,,
ProfitMax,inter,2.0,ampgo,7,892.609977,2561504.0,kmax,0.80399919,0.01621436,,,
ProfitMax2,inter,2.0,differential_evolution,2,824.841787,78144.0,kmax2,1.48274472,0.03467086,,,
ProfitMax2,inter,2.0,basinhopping,3,824.841972,4408976.0,kmax2,1.48273827,0.03465388,,,
ProfitMax2,inter,2.0,Nelder-Mead,1,824.789969,13024.0,kmax2,1.43147681,0.03297618,,,
ProfitMax2,inter,2.0,Powell,4,824.88094,16544.0,kmax2,1.48255123,0.03492114,,,
ProfitMax2,inter,2.0,COBYLA,7,833.497512,2992.0,kmax2,1.43182412,0.03287995,,,
ProfitMax2,inter,2.0,dual_annealing,5,824.882922,393360.0,kmax2,1.50613027,0.03256072,,,
ProfitMax2,inter,2.0,ampgo,6,832.022438,2148256.0,kmax2,1.46208016,0.03502337,,,
SOX-OPT,inter,2.0,differential_evolution,3,869.861917,26752.0,kmaxS2,0.74064293,0.01499944,,,
SOX-OPT,inter,2.0,basinhopping,7,877.953583,86240.0,kmaxS2,0.7729319,0.01572859,,,
SOX-OPT,inter,2.0,Nelder-Mead,6,870.8342,6688.0,kmaxS2,0.72987055,0.01530427,,,
SOX-OPT,inter,2.0,Powell,1,869.372327,20240.0,kmaxS2,0.74078952,0.01498385,,,
SOX-OPT,inter,2.0,COBYLA,5,870.767124,4576.0,kmaxS2,0.74027741,0.01503657,,,
SOX-OPT,inter,2.0,dual_annealing,4,870.480656,356048.0,kmaxS2,0.74662824,0.0146534,,,
SOX-OPT,inter,2.0,ampgo,2,869.784857,1632928.0,kmaxS2,0.60544547,0.0147581,,,
Tuzet,inter,2.0,differential_evolution,1,804.959126,232848.0,g1T,3.04889785,0.02719483,PrefT,-2.2881496,0.02999728
Tuzet,inter,2.0,basinhopping,4,805.416508,4720144.0,g1T,3.01136154,0.02650875,PrefT,-2.18792517,0.02350712
Tuzet,inter,2.0,Nelder-Mead,5,808.598332,39248.0,g1T,2.98220734,0.02804877,PrefT,-2.30695864,0.03277504
Tuzet,inter,2.0,Powell,6,809.589908,50864.0,g1T,2.97151371,0.02646843,PrefT,-2.3175982,0.03636096
Tuzet,inter,2.0,COBYLA,7,840.998854,13904.0,g1T,2.83093591,0.07247118,PrefT,-2.56981322,0.12351354
Tuzet,inter,2.0,dual_annealing,2,805.393458,942304.0,g1T,3.03690027,0.02574666,PrefT,-2.29050378,0.03080999
Tuzet,inter,2.0,ampgo,3,805.398702,3666432.0,g1T,3.05029251,0.02633862,PrefT,-2.36078135,0.02788711
WUE-LWP,inter,2.0,differential_evolution,3,887.318797,26752.0,Lambda,1.84016265,0.05056586,,,
WUE-LWP,inter,2.0,basinhopping,6,889.896661,53328.0,Lambda,1.82531149,0.05236993,,,
WUE-LWP,inter,2.0,Nelder-Mead,7,1243.99891,352.0,Lambda,4.97227241,,,,
WUE-LWP,inter,2.0,Powell,5,888.661151,10912.0,Lambda,1.90931093,0.0544207,,,
WUE-LWP,inter,2.0,COBYLA,1,882.312624,3520.0,Lambda,1.83811914,0.04756739,,,
WUE-LWP,inter,2.0,dual_annealing,2,883.10074,353936.0,Lambda,1.7813263,0.04365919,,,
WUE-LWP,inter,2.0,ampgo,4,888.455191,246400.0,Lambda,2.07566417,0.04903657,,,
CAP,inter,3.0,differential_evolution,1,812.554664,163404.0,krlC,7.21964272,0.18021013,PcritC,-0.8086939,0.0088344
CAP,inter,3.0,basinhopping,2,818.170896,4454806.0,krlC,7.38685828,0.19570542,PcritC,-0.78674893,0.01096137
CAP,inter,3.0,Nelder-Mead,5,891.881307,26700.0,krlC,1.47814332,,PcritC,-3.1691956,
CAP,inter,3.0,Powell,6,893.187251,21716.0,krlC,1.50439037,0.07170848,PcritC,-3.14521141,0.13291318
CAP,inter,3.0,COBYLA,7,904.807993,4984.0,krlC,1.36902437,0.18792011,PcritC,-3.62163913,0.50083688
CAP,inter,3.0,dual_annealing,3,821.782608,1077434.0,krlC,4.94898357,0.10644957,PcritC,-1.05144727,0.02459288
CAP,inter,3.0,ampgo,4,828.568547,4043982.0,krlC,4.9529433,0.23912013,PcritC,-1.00982787,0.04029372
CGain,inter,3.0,differential_evolution,5,798.688794,27056.0,Kappa,7.57242969,0.27259758,,,
CGain,inter,3.0,basinhopping,3,792.717121,53934.0,Kappa,8.21336629,0.30529089,,,
CGain,inter,3.0,Nelder-Mead,4,794.915898,5874.0,Kappa,5.95887838,0.21004738,,,
CGain,inter,3.0,Powell,7,808.384337,13528.0,Kappa,6.59524165,0.36189455,,,
CGain,inter,3.0,COBYLA,6,802.690325,3382.0,Kappa,6.52865458,0.2350892,,,
CGain,inter,3.0,dual_annealing,2,785.89393,358670.0,Kappa,7.72487879,0.19663266,,,
CGain,inter,3.0,ampgo,1,784.630205,1236032.0,Kappa,8.91542955,0.94567348,,,
CMax,inter,3.0,differential_evolution,2,926.272739,80634.0,Alpha,2.16980188,,Beta,2.78090179,
CMax,inter,3.0,basinhopping,3,941.607507,71912.0,Alpha,2.14398121,,Beta,0.31615813,
CMax,inter,3.0,Nelder-Mead,7,949.915279,11036.0,Alpha,1.71502118,,Beta,1.21863182,
CMax,inter,3.0,Powell,4,943.365389,16554.0,Alpha,2.23159794,,Beta,0.45630365,
CMax,inter,3.0,COBYLA,6,945.696442,5340.0,Alpha,2.2384965,,Beta,0.98611388,
CMax,inter,3.0,dual_annealing,1,921.483011,719654.0,Alpha,2.22511708,,Beta,2.18633089,
CMax,inter,3.0,ampgo,5,943.859187,1404954.0,Alpha,2.29680784,,Beta,1.10624354,
Eller,inter,3.0,differential_evolution,3,935.825652,23140.0,kmaxS1,0.26113226,0.00807192,,,
Eller,inter,3.0,basinhopping,2,935.825652,3586700.0,kmaxS1,0.26113227,0.00807192,,,
Eller,inter,3.0,Nelder-Mead,4,935.825652,5340.0,kmaxS1,0.26112831,0.00807186,,,
Eller,inter,3.0,Powell,1,935.825652,5340.0,kmaxS1,0.26113227,0.00807192,,,
Eller,inter,3.0,COBYLA,6,935.826286,3560.0,kmaxS1,0.28688998,0.00806899,,,
Eller,inter,3.0,dual_annealing,5,935.825652,360806.0,kmaxS1,0.26821287,0.00807192,,,
Eller,inter,3.0,ampgo,7,936.351933,728376.0,kmaxS1,0.28990182,0.00799913,,,
LeastCost,inter,3.0,differential_evolution,3,813.488583,198114.0,kmaxLC,0.35876244,0.00623469,Eta,4.27698043,0.25913745
LeastCost,inter,3.0,basinhopping,4,814.188093,5554134.0,kmaxLC,0.35892935,,Eta,4.31051372,0.16437126
LeastCost,inter,3.0,Nelder-Mead,5,816.076646,22072.0,kmaxLC,0.35616512,0.00592045,Eta,4.43937656,0.27113215
LeastCost,inter,3.0,Powell,2,813.372814,47704.0,kmaxLC,0.36145473,0.00588056,Eta,4.31752131,0.24192201
LeastCost,inter,3.0,COBYLA,7,1071.83097,5518.0,kmaxLC,2.41254074,0.31183239,Eta,11.8149494,0.75081857
LeastCost,inter,3.0,dual_annealing,1,813.302601,920438.0,kmaxLC,0.36244106,0.00592043,Eta,4.57953348,0.1390261
LeastCost,inter,3.0,ampgo,6,837.904762,5527434.0,kmaxLC,0.38069171,0.00763175,Eta,5.35684034,0.31546668
MES,inter,3.0,differential_evolution,1,839.747266,219474.0,krlM,4.59316398,0.14353145,PcritM,-0.76372605,0.01591508
MES,inter,3.0,basinhopping,3,843.716986,5886816.0,krlM,3.64335356,0.11209678,PcritM,-0.95461382,0.02426143
MES,inter,3.0,Nelder-Mead,7,917.353442,33286.0,krlM,1.0119528,0.06109669,PcritM,-3.15159777,0.1672911
MES,inter,3.0,Powell,6,908.443867,31862.0,krlM,0.9965457,0.02734064,PcritM,-2.99108236,0.0784903
MES,inter,3.0,COBYLA,5,886.79828,5696.0,krlM,0.9284228,,PcritM,-3.31028813,
MES,inter,3.0,dual_annealing,2,843.310263,1170884.0,krlM,4.44843412,0.15939918,PcritM,-0.79173457,0.02124418
MES,inter,3.0,ampgo,4,868.961487,2249742.0,krlM,6.79579022,0.16443269,PcritM,-0.53209554,0.00673735
ProfitMax,inter,3.0,differential_evolution,1,860.666341,63546.0,kmax,0.72693409,0.01271554,,,
ProfitMax,inter,3.0,basinhopping,2,860.667499,4625864.0,kmax,0.7707319,0.01330877,,,
ProfitMax,inter,3.0,Nelder-Mead,6,879.32348,12104.0,kmax,0.70382814,0.0139624,,,
ProfitMax,inter,3.0,Powell,7,879.633917,9078.0,kmax,0.70673738,0.01390376,,,
ProfitMax,inter,3.0,COBYLA,5,879.323067,3560.0,kmax,0.72592526,0.01384046,,,
ProfitMax,inter,3.0,dual_annealing,3,862.559613,434854.0,kmax,0.74245285,0.01295409,,,
ProfitMax,inter,3.0,ampgo,4,874.121879,1256680.0,kmax,0.77742842,0.01353795,,,
ProfitMax2,inter,3.0,differential_evolution,4,827.532055,63546.0,kmax2,1.37952863,0.03162837,,,
ProfitMax2,inter,3.0,basinhopping,3,820.627848,4387522.0,kmax2,1.55350492,0.0340186,,,
ProfitMax2,inter,3.0,Nelder-Mead,5,832.325999,14062.0,kmax2,1.44026649,0.03523188,,,
ProfitMax2,inter,3.0,Powell,1,819.643057,19402.0,kmax2,1.55332066,0.03386327,,,
ProfitMax2,inter,3.0,COBYLA,6,832.426251,3382.0,kmax2,1.51367247,0.03395772,,,
ProfitMax2,inter,3.0,dual_annealing,2,820.449215,469386.0,kmax2,1.58936945,0.02683195,,,
ProfitMax2,inter,3.0,ampgo,7,1330.84444,3082248.0,kmax2,4.2123727,0.28440564,,,
SOX-OPT,inter,3.0,differential_evolution,5,864.341201,27056.0,kmaxS2,0.71867775,0.0136012,,,
SOX-OPT,inter,3.0,basinhopping,7,866.360339,55002.0,kmaxS2,0.73266754,0.01388531,,,
SOX-OPT,inter,3.0,Nelder-Mead,3,863.382673,7120.0,kmaxS2,0.70866322,0.01361043,,,
SOX-OPT,inter,3.0,Powell,4,863.794429,21894.0,kmaxS2,0.71937803,0.01348625,,,
SOX-OPT,inter,3.0,COBYLA,6,864.72374,3382.0,kmaxS2,0.71970728,0.01346892,,,
SOX-OPT,inter,3.0,dual_annealing,2,862.629666,360450.0,kmaxS2,0.72011082,0.01320669,,,
SOX-OPT,inter,3.0,ampgo,1,862.567405,1510864.0,kmaxS2,0.87792078,0.01385665,,,
Tuzet,inter,3.0,differential_evolution,1,801.21738,256854.0,g1T,3.09495245,0.02493726,PrefT,-2.26574336,0.02980894
Tuzet,inter,3.0,basinhopping,5,817.187536,4871860.0,g1T,3.02239532,0.02663349,PrefT,-2.25591539,0.03238398
Tuzet,inter,3.0,Nelder-Mead,3,811.703331,47526.0,g1T,3.11488411,0.02821956,PrefT,-2.33095642,0.03631799
Tuzet,inter,3.0,Powell,7,834.102177,27768.0,g1T,3.02476634,0.02950313,PrefT,-2.45477264,0.04585668
Tuzet,inter,3.0,COBYLA,6,827.567561,8900.0,g1T,3.02365204,0.0263543,PrefT,-2.41214695,0.04085538
Tuzet,inter,3.0,dual_annealing,2,801.990294,1021364.0,g1T,3.08711161,0.02419711,PrefT,-2.26234754,0.02711304
Tuzet,inter,3.0,ampgo,4,815.034991,4871682.0,g1T,3.03104721,0.02485207,PrefT,-2.2885162,0.32515819
WUE-LWP,inter,3.0,differential_evolution,2,893.07826,24386.0,Lambda,1.78027808,0.04624519,,,
WUE-LWP,inter,3.0,basinhopping,4,897.004117,53934.0,Lambda,1.83082343,0.03776515,,,
WUE-LWP,inter,3.0,Nelder-Mead,7,1249.45795,356.0,Lambda,4.97227241,,,,
WUE-LWP,inter,3.0,Powell,3,895.136239,10324.0,Lambda,1.87200239,0.05104633,,,
WUE-LWP,inter,3.0,COBYLA,5,900.038066,3560.0,Lambda,1.67693379,0.04121937,,,
WUE-LWP,inter,3.0,dual_annealing,1,891.963389,358670.0,Lambda,1.84435253,0.04491628,,,
WUE-LWP,inter,3.0,ampgo,6,1100.85452,628340.0,Lambda,3.34845717,0.53489454,,,
